:0200000470107A
:1004000000002034314C1070394810703D48107095
:100410004948107055481070614810706D48107050
:10042000000000000000000000000000794810708B
:100430007B48107000000000290810707D48107083
:100440008D4C1070000000008D4C10708D4C1070A1
:100450008D4C10708D4C10708D4C10708D4C107038
:100460008D4C1070000000008D4C10708D4C107081
:100470008D4C10708D4C10708D4C10700000000071
:100480008D4C1070000000008D4C10708D4C107061
:100490008D4C10708D4C10708D4C10708D4C1070F8
:1004A0008D4C10708D4C10708D4C10708D4C1070E8
:1004B0008D4C10708D4C10708D4C10708D4C1070D8
:1004C0008D4C10708D4C10708D4C10708D4C1070C8
:1004D00000000000000000008D4C10708D4C10706A
:1004E0008D4C1070000000000000000000000000B3
:1004F00000000000000000008D4C10708D4C10704A
:10050000994810700000000000000000000000008A
:100510008D4C10708D4C10708D4C10708D4C107077
:100520008D4C10708D4C10708D4C10708D4C107067
:100530008D4C10708D4C10708D4C10708D4C107057
:100540008D4C10708D4C10708D4C10708D4C107047
:100550008D4C10708D4C10708D4C10708D4C107037
:100560008D4C10708D4C10708D4C10708D4C107027
:100570008D4C10708D4C10708D4C10708D4C107017
:100580008D4C10708D4C10708D4C10708D4C107007
:100590008D4C10708D4C10708D4C10708D4C1070F7
:1005A0008D4C10708D4C10708D4C10708D4C1070E7
:1005B0008D4C10708D4C10708D4C10708D4C1070D7
:1005C0008D4C10708D4C10708D4C10708D4C1070C7
:1005D0008D4C10708D4C10708D4C10708D4C1070B7
:1005E0008D4C10708D4C10708D4C10708D4C1070A7
:1005F0008D4C10708D4C10708D4C10708D4C107097
:100600008D4C10708D4C10708D4C10708D4C107086
:100610008D4C10708D4C10708D4C10708D4C107076
:100620008D4C10708D4C10708D4C10708D4C107066
:100630008D4C10708D4C10708D4C10708D4C107056
:100640008D4C10708D4C10708D4C10708D4C107046
:100650008D4C10708D4C10708D4C10708D4C107036
:100660008D4C10708D4C10708D4C10708D4C107026
:100670008D4C10708D4C10708D4C10708D4C107016
:100680008D4C10708D4C10708D4C10708D4C107006
:100690008D4C10708D4C10708D4C10708D4C1070F6
:1006A0008D4C10708D4C10708D4C10708D4C1070E6
:1006B0008D4C10708D4C10708D4C10709D481070CA
:1006C0008D4C10708D4C10708D4C10708D4C1070C6
:1006D0008D4C10708D4C10708D4C10708D4C1070B6
:1006E0008D4C10708D4C10708D4C10708D4C1070A6
:1006F0008D4C10708D4C10708D4C10708D4C107096
:100700008D4C10708D4C10708D4C1070A94810706D
:100710008D4C10708D4C10708D4C10708D4C107075
:100720008D4C10708D4C10708D4C10708D4C107065
:100730008D4C10708D4C10708D4C10708D4C107055
:10074000000000008D4C10708D4C107000000000F7
:1007500010B5054C237833B9044B13B10448AFF3FB
:1007600000800123237010BD400100340000000010
:10077000D85E117008B5034B1BB103490348AFF3B2
:10078000008008BD0000000044010034D85E1170F4
:1007900072B64FF0E0201449C0F8081D13480168F4
:1007A00041F00101016012480F49096801604FF0F2
:1007B000E020104941614FF0070101614FF0000155
:1007C000C0F8181D4FF07F41C0F81C1D0A49C0F841
:1007D000201D7047FFF7FEBF01B5BDE8014070471F
:1007E000FFF7FEBFFFF7FEBF00041070001000E02F
:1007F000B84C14347F8D5B000000FF404FF00000C8
:100800002D4A1060EFF3148020F0040080F3148868
:1008100062B64FF080504FF0E021C1F8040DBFF3F5
:100820004F8FBFF36F8FFEE72448254A4FF0000338
:10083000016891B10360EFF3098C2CE9F00F1EF011
:10084000100F01D12CED108A1E4C4CF804EDC1F8AC
:1008500008C025680DB18D61236072B61168D1B1F1
:10086000016062B64F68174C8D6907F101074F6050
:100870002560D1F80CC08CF30B88D1F808C05CF867
:1008800004EB1EF0100F01D1BCEC108ABCE8F00F95
:100890008CF30988704772B61168016009B962B6B5
:1008A000F9E74FF000674FF0E028C8F8047D62B622
:1008B000D8E700BF704700001C4C1434B44C14340B
:1008C000B04C1434BC4C1434026922F00702A2F17B
:1008D00044026FF0020313604FF000035360936013
:1008E000D360136153619361D36113625362936266
:1008F000D362136353634FF0FF339363D1634FF0BD
:1009000080731364826070472249086800F1010017
:100910000860214B1A683AB1A2F101021A601AB9B3
:100920001E4B4FF0010018601D490868026822B193
:100930001C4B4FF001021A6008E000F104001A4B52
:100940001A68904201D1194B18680860134B1A6855
:1009500012B914490868C8B101B51249086808B14C
:1009600013F0C6FC0D4B1A6872B113F03DFC104831
:10097000016849B90F4801680F4A13680F484FF0E2
:100980008052994200D00260BDE80140BFF34F8F12
:10099000704700001C521434BC4C143418521434E8
:1009A0008C511434885114349051143494511434AB
:1009B0001C4C1434B44C1434B04C143404ED00E02A
:1009C00010F8012B11F8013B012A28BF9A42F7D0F9
:1009D000D01A704753B94AB9002908BF00281CBF74
:1009E0004FF0FF314FF0FF3000F07EB9ADF1080C51
:1009F0006DE904CE00F006F8DDF804E0DDE902233D
:100A000004B070472DE9F04F099D0C46002B4DD1E5
:100A10008A420F4684469646B2FA82F360D94BB1B9
:100A200002FA03FEC3F120029F4000FA03FC20FA01
:100A300002F217434FEA1E461FFA8EF44FEA1C4299
:100A4000B7FBF6F106FB117701FB04F042EA07421F
:100A5000904208D91EEB020201F1FF3702D2904208
:100A600000F22D813946121A1FFA8CFCB2FBF6F007
:100A700006FB102200FB04F44CEA024C644508D942
:100A80001EEB0C0C00F1FF3202D2644500F21A8119
:100A9000104640EA0140ACEB040C002125B12CFAD1
:100AA00003F30022C5E90032BDE8F08F8B4205D97F
:100AB0000DB1C5E9000100210846F5E7B3FA83F15D
:100AC00000294DD1A342C0F0F280904280F0EF8027
:100AD000064623460846002DE6D0C5E90063E3E755
:100AE000002B40F0A2808A1A4FEA1E471FFA8EF6AA
:100AF0000121B2FBF7F407FB14204FEA1C4242EA43
:100B0000004206FB04F090420FD91EEB020204F1F2
:100B1000FF382CBF4FF001094FF00009904203D974
:100B2000B9F1000F00F0C8804446121A1FFA8CFC7D
:100B3000B2FBF7F007FB102200FB06F64CEA024C72
:100B4000664508D91EEB0C0C00F1FF3202D2664557
:100B500000F2BB801046ACEB060C40EA04409DE777
:100B6000C1F120068B4004FA01FE22FA06F720FAB2
:100B700006FCF4408A401F434EEA0C0300FA01FED3
:100B80004FEA17484FEA13491FFA87FCB4FBF8F005
:100B900008FB104449EA044400FB0CF9A1450ED9B6
:100BA0003C1900F1FF3A2CBF4FF0010B4FF0000B46
:100BB000A14503D9BBF1000F00F093805046A4EB90
:100BC00009041FFA83F9B4FBF8F308FB134403FB91
:100BD0000CFC49EA0444A44506D93C1903F1FF384A
:100BE00001D2A4457AD8434643EA0040A4EB0C0462
:100BF000A0FB02984445CC46434602D306D1CE45DD
:100C000004D20138B9EB020C68EB07035DB1BEEB0F
:100C10000C0264EB030404FA06F622FA01F3CC405A
:100C20001E43C5E9006400213EE702FA03FEC3F15A
:100C3000200104FA03F200FA03FCCC404FEA1E47FD
:100C400020FA01F11FFA8EF6B4FBF7F00A4307FB16
:100C50001044110C41EA044100FB06F48C420ED909
:100C60001EEB010100F1FF382CBF4FF001094FF0DE
:100C700000098C4202D9B9F1000F2CD04046091B63
:100C800092B2B1FBF7F407FB141142EA014204FBF4
:100C900006F1914207D91EEB020204F1FF3801D29E
:100CA000914215D84446521A44EA004121E7861A77
:100CB00064EB030301200EE7023C724435E702397E
:100CC0007244D0E6F4440238E3E6F444023842E7E2
:100CD000023C7244E7E702387144D0E7023B3C44EF
:100CE00082E702383C446AE7704700BF342307B507
:100CF000144A009314494FF48043144813F07AFCCB
:100D000008B102F097FA114802F05CFA08B102F05B
:100D100091FA34230E4A00930E494FF4F0430E48E3
:100D200013F068FC08B102F085FA0B4802F06AF98A
:100D300020B103B05DF804EB02F07CBA03B05DF8BB
:100D400004FB00BFC4010034FE5E1170900100344A
:100D500080811F34165F11705C0100342DE9F04F63
:100D60000346C9B072B6BFF34F8F2949D1F8142892
:100D700022F48062C1F8142801F580514A6922F4F6
:100D800080624A61026912F00102029217D0426940
:100D900072B1036819681160196A516099689160AD
:100DA000D968D160D3F800111161D3F808315361CB
:100DB000BFF34F8F62B6002049B0BDE8F08FBFF39C
:100DC0004F8FBFF35F8F134A013A03D01968096A46
:100DD0008E06F9D4BFF34F8F1A68116A8D061BD4A3
:100DE00019680A6822F070420A6081211A6802F1CB
:100DF000200402F15000256815F4FE4F02D001399D
:100E000040F0178203215162BFF34F8F002010E0A2
:100E10000000024681841E00116841F00201116049
:100E20001968964A01F12000013A40F0EE814FF036
:100E3000FF301A68156A924AD1690906FCD55B2110
:100E40009162D1690F06FCD54F2191628C4AD1691C
:100E50000E06FCD554219162D1690C06FCD54121C6
:100E60009162874AD1690906FCD55D219162D169F9
:100E70000F06FCD520219162814AD1690E06FCD56E
:100E800061219162D1690C06FCD5202191627C4AD6
:100E9000D1690906FCD572219162D1690F06FCD592
:100EA00063219162764AD1690E06FCD53D2191629B
:100EB000D1690C06FCD530219162714AD1690906CD
:100EC000FCD578211C2491626D4920FA04F202F0CD
:100ED0000F073A4607F13006092F02F1370298BF93
:100EE0003246CE693706FCD5043C261D8A62ECD119
:100EF000CA691206FCD520228A62614AD1690F06AE
:100F0000FCD573219162D1690E06FCD574219162E2
:100F10005B4AD1690C06FCD53D219162D169090675
:100F2000FCD530219162564AD1690F06FCD5782153
:100F30001C249162524925FA04F202F00F073A4646
:100F400007F13006092F02F1370298BF3246CE6909
:100F50003606FCD5043C8A62221DECD1CA6917060C
:100F6000FCD50D228A62464AD1690E06FCD50A21BB
:100F70009162002841F0D3834249D1F8142842F409
:100F80008062C1F8142801F580514A6922F4806218
:100F90004A611A6912F00202019200F0F98081217F
:100FA0001A6802F1200402F15000256815F4FE4F82
:100FB00002D0013940F03F81032151621968324C5F
:100FC000D1F80821086822F0804220F070400860C3
:100FD0000021186822F01F020164186842F0040220
:100FE000C0F800411868C0F8082140F2FA501A68A9
:100FF000C2F810011A6891641868026822F0704201
:1010000042F0805202601A6891641C49013940F034
:10101000148100214FF0FF305A69019102B19161B2
:10102000002818BF6FF00200164CD4F8142822F4E0
:101030008062C4F8142804F58054626942F4806226
:1010400062610F4AD4692406FCD55B249462D4699A
:101050002706FCD54F249462094AD4692606FCD59C
:1010600054249462D4692506FCD541249462044A30
:10107000D4692406FCD55D24946207E0C1C62D0026
:1010800000100042000002461C3C002CD4692706D8
:10109000FCD520249462744AD4692606FCD57324B6
:1010A0009462D4692506FCD5202494626E4AD469E2
:1010B0002406FCD572249462D4692706FCD56324E7
:1010C0009462694AD4692606FCD53D249462D469A9
:1010D0002506FCD530249462634AD4692406FCD5E5
:1010E00078241C259462604C20FA05F202F00F0768
:1010F0003A4607F13006092F02F1370298BF32460F
:10110000E6693706FCD5043D2E1DA262ECD1E269EA
:101110001206FCD52022A262534AD4692706FCD5C8
:1011200073249462D4692606FCD5742494624E4AD2
:10113000D4692506FCD53D249462D4692406FCD5E7
:1011400030249462484AD4692706FCD578241C25AB
:101150009462454C21FA05F202F00F073A4607F176
:101160003006092F02F1370298BF3246E66936068B
:10117000FCD5043DA2622A1DECD1E2691706FCD51C
:101180000D22A262384AD1690E06FCD50A2191626D
:101190001A69950640F1268181211A6802F120041E
:1011A00002F15000256815F4FE4F01D0013958D1E5
:1011B00003215162196808ACD1F80821086822F0AF
:1011C000804220F0704008600520196822F01F025C
:1011D0000864196825480625C1F800011968C1F896
:1011E000082149F660711A68C2F8101100211A68C6
:1011F00091641868026822F0704242F080520260E6
:101200001A68916421461A483CE00468A4077FF5F7
:101210000BAE02224A621A6802F12001144A03E06E
:10122000086880067FF5DCAD013AF9D16FF0010066
:10123000FFE50568DFE50568B7E61A68106A02F1A0
:10124000200410F0060F3FF4E1AE92F85010084869
:10125000C9B203E02568AD0701F1DC820138F9D19C
:10126000D8E605689EE700BF001000421C3C002C39
:10127000C1C62D001A68176A02F1200617F0060F82
:1012800040F0DF800138F5D14FF0FF300A460021F1
:101290000191042141F001E0019C12F8011B41EA97
:1012A000042101910FF009C06F4AD1690906FCD5EC
:1012B0005B219162D1690F06FCD54F2191626A4A88
:1012C000D1690E06FCD554219162D1690D06FCD579
:1012D00041219162644AD1690C06FCD55D2191627D
:1012E000D1690906FCD5202191625F4AD1690F06B8
:1012F000FCD56A219162D1690E06FCD5202191624C
:10130000594AD1690D06FCD572219162D1690C064A
:10131000FCD563219162544AD1690906FCD53D216F
:101320009162D1690F06FCD5302191624E4AD16994
:101330000E06FCD578211C2491624B4920FA04F258
:1013400002F00F06324606F13005092E02F137028F
:1013500098BF2A46CD692D06FCD5043C8A62221D21
:10136000ECD1CA691706FCD520228A623E4AD169AF
:101370000E06FCD573219162D1690D06FCD574214E
:101380009162394AD1690C06FCD53D219162D1693F
:101390000906FCD530219162334AD1690F06FCD58C
:1013A00078211C2491623049019AE24002F00F0634
:1013B000324606F13005092E02F1370298BF2A465F
:1013C000CD692E06FCD5043C251D8A62ECD1CA6984
:1013D0001406FCD50D228A62234AD1690906FCD580
:1013E0000A2191621A69520740F11281002840F0E7
:1013F0000F815A681D499C6802EA010E224402F6D8
:10140000FF720A400392039A724500F2CB844FF0B8
:10141000000ED3E902215C68002A40F0FF874FF4F8
:10142000FA614FF0030A40F2FA57DFF84CB0104D62
:10143000D3F800C081260CF120080CF1500E01F009
:10144000D3B892F85000013D04F8010B7FF4DBAEF5
:10145000084801383FF418AF3468A407F9D50220D2
:101460005062002012E700BF0010004200F0FFFFB2
:10147000E0FFFFBFC1C62D001C3C002C2F68376861
:1014800017F4FE4F01D0013AF8D1032262621A68C4
:10149000D2F80841156824F0804425F070451560A5
:1014A00000251A6824F01F0415641A68834D44F05F
:1014B0000404C2F800511A68C2F8084140F2FA5414
:1014C0001A68C2F8104100241A6894641C682268E3
:1014D00022F0704242F08052226000241A68946424
:1014E000774C013C40F05D836FF00900754AD1698B
:1014F0000906FCD55B219162D1690F06FCD54F210D
:101500009162704AD1690E06FCD554219162D1696D
:101510000D06FCD5412191626A4AD1690C06FCD5C1
:101520005D219162D1690906FCD520219162654A4D
:10153000D1690F06FCD570219162D1690E06FCD5E8
:10154000202191625F4AD1690D06FCD5722191621A
:10155000D1690C06FCD5632191625A4AD16909060A
:10156000FCD53D219162D1690F06FCD530219162F5
:10157000544AD1690E06FCD578211C249162514948
:1015800020FA04F202F00F06324606F13005092E69
:1015900002F1370298BF2A46CD692D06FCD5043CDE
:1015A0008A62221DECD1CA691706FCD520228A6204
:1015B000444AD1690E06FCD573219162D1690D06AA
:1015C000FCD5742191623F4AD1690C06FCD53D21BE
:1015D0009162D1690906FCD530219162394AD169FD
:1015E0000F06FCD57821302491620821354AD5694F
:1015F0002E06FCD501399462F9D1D1690D06FCD5CE
:101600000D2191622F4AD1690C06FCD50A21916205
:10161000596901B108629A695AB11C691460506035
:1016200009B189690291029991602749D160BFF39C
:101630004F8F244AD1690906FCD55B219162D1699B
:101640000F06FCD54F2191621E4AD1690E06FCD5CA
:1016500054219162D1690D06FCD541219162194A4C
:10166000D1690C06FCD55D219162D1690906FCD5D2
:1016700020219162134AD1690F06FCD56421916241
:10168000D1690E06FCD5202191620E4AD1690D0662
:10169000FCD572219162D1690C06FCD5632191625F
:1016A000084AD1690906FCD53D219162D1690F062E
:1016B000FCD530219162034A08E000BF1C3C002C9D
:1016C000C1C62D000010004253545231D1690E069C
:1016D000FCD578211C2491628D4920FA04F202F095
:1016E0000F06324606F13005092E02F1370298BF87
:1016F0002A46CD692D06FCD5043C8A62221DECD118
:10170000CA691706FCD520228A62814AD1690E0671
:10171000FCD573219162D1690D06FCD574219162CB
:101720007B4AD1690C06FCD53D219162D16909063D
:10173000FCD530219162764AD1690F06FCD578211B
:101740001C2491627249019AE24002F00F0632466F
:1017500006F13005092E02F1370298BF2A46CD69FD
:101760002E06FCD5043C251D8A62ECD1CA691406FC
:10177000FCD50D228A62664AD1690906FCD50A2188
:1017800091621A69D20600F1CE8781211A6802F1AE
:10179000200502F150042E6816F4FE4F02D00139E4
:1017A00040F0D7870321516219680A6822F070421D
:1017B0000A601A68156A564AD1690F06FCD55B2182
:1017C0009162D1690E06FCD54F219162504AD169D0
:1017D0000C06FCD554219162D1690906FCD5412142
:1017E00091624B4AD1690F06FCD55D219162D169A6
:1017F0000E06FCD520219162454AD1690C06FCD524
:1018000031219162D1690906FCD520219162404ABB
:10181000D1690F06FCD572219162D1690E06FCD503
:10182000632191623A4AD1690C06FCD53D2191624F
:10183000D1690906FCD530219162354AD1690F067C
:10184000FCD57821302491620821314AD6693606C8
:10185000FCD501399462F9D1D1690C06FCD520215F
:1018600091622B4AD1690906FCD573219162D16935
:101870000F06FCD574219162254AD1690E06FCD56C
:101880003D219162D1690C06FCD530219162204A3C
:10189000D1690906FCD578211C2491621C4925FADE
:1018A00004F202F00F073A4607F13006092F02F161
:1018B000370298BF3246CE693706FCD5043C261D58
:1018C0008A62ECD1CA691406FCD50D228A62104ADC
:1018D000D1690906FCD50A2191621A680D49C2F83E
:1018E00000111968D1F8082122F0804222F01F026D
:1018F00042F01402C1F808214EF611611A68C2F8CC
:10190000101100211A6891641A681568004A03E0F2
:10191000001000421C3C002CD1690F06FCD55B2155
:101920009162D1690E06FCD54F219162814AD1693D
:101930000C06FCD554219162D1690906FCD54121E0
:1019400091627C4AD1690F06FCD55D219162D16913
:101950000E06FCD520219162764AD1690C06FCD591
:1019600032219162D1690906FCD520219162714A28
:10197000D1690F06FCD572219162D1690E06FCD5A2
:10198000632191626B4AD1690C06FCD53D219162BD
:10199000D1690906FCD530219162664AD1690F06EA
:1019A000FCD57821302491620821624AD669360636
:1019B000FCD501399462F9D1D1690C06FCD52021FE
:1019C00091625C4AD1690906FCD573219162D169A3
:1019D0000F06FCD574219162564AD1690E06FCD5DA
:1019E0003D219162D1690C06FCD530219162514AAA
:1019F000D1690906FCD578211C2491624D4925FA4C
:101A000004F202F00F073A4607F13006092F02F1FF
:101A1000370298BF3246CE693706FCD5043C261DF6
:101A20008A62ECD1CA691406FCD50D228A62414A49
:101A3000D1690906FCD50A21916219680A6842F049
:101A400040520A6003211A685162BFF34F8FBFF3FF
:101A50006F8F1B681C68374BDA691206FCD55B2256
:101A60009A62DA691706FCD54F229A62314BDA691D
:101A70001606FCD554229A62DA691506FCD5412275
:101A80009A622C4BDA691106FCD55D229A62DA69FA
:101A90001206FCD520229A62264BDA691706FCD57D
:101AA00033229A62DA691606FCD520229A62214B0B
:101AB000DA691506FCD572229A62DA691106FCD53C
:101AC00063229A621B4BDA691206FCD53D229A62A8
:101AD000DA691706FCD530229A62164BDA691606C7
:101AE000FCD5782230219A620822124BDD692D063E
:101AF000FCD5013A9962F9D1DA691706FCD52022A2
:101B00009A620C4BDA691606FCD573229A62DA697E
:101B10001506FCD574229A62064BDA691106FCD5CB
:101B20003D229A62DA691206FCD530229A62014B94
:101B300002E000BF00100042DA691706FCD57822E7
:101B40001C219A62994A24FA01F303F00F063346E6
:101B500006F13005092E03F1370398BF2B46D569EE
:101B60002E06FCD504390D1D9362ECD1D3691C06F9
:101B7000FCD50D2393628D4BDA691106FCD50A2240
:101B80009A628B4AD2F8143843F48063C2F814384E
:101B900002F58052536943F48063536162B6FFF7E4
:101BA0000BB91A68156A02F1200615F0060F3FF40A
:101BB00098AC92F850407F4DE4B2013D3FF494ACB4
:101BC0003768BF07F9D50225E607556200F1D780CF
:101BD00081211A6802F1200502F150042E6816F4E2
:101BE000FE4F02D0013940F0EB80032151621A68A8
:101BF000D2F80811146811F0805F24F0704414606A
:101C00006D4A6E4C08BF14461A6821F08041C2F834
:101C100000411A6821F01F01C2F8081140F2F96171
:101C20001A68C2F810111A68624902F120040139D9
:101C300040F0C880146A5D4AD1690806FCD55B2172
:101C40009162D1690906FCD54F219162574AD16949
:101C50000F06FCD554219162D1690E06FCD54121B5
:101C60009162524AD1690D06FCD55D219162D1691C
:101C70000806FCD5202191624C4AD1690906FCD5A1
:101C800074219162D1690F06FCD520219162474AE7
:101C9000D1690E06FCD572219162D1690D06FCD581
:101CA00063219162414AD1690806FCD53D219162C8
:101CB000D1690906FCD5302191623C4AD1690F06F1
:101CC000FCD578211C2040F2F9659162374925FA4C
:101CD00000F202F00F073A4607F13006092F02F131
:101CE000370298BF3246CE693606FCD504388A6280
:101CF000021DECD1CA691706FCD520228A622B4A44
:101D0000D1690E06FCD573219162D1690D06FCD50F
:101D100074219162254AD1690806FCD53D21916262
:101D2000D1690906FCD530219162204AD1690F069C
:101D3000FCD578211C2091621C4924FA00F202F0A3
:101D40000F06324606F13005092E02F1370298BF20
:101D50002A46CD692E06FCD50438051D8A62ECD1D1
:101D6000CA691206FCD50D228A62104AD1690F0693
:101D7000FCD50A2191626FF00A00FFF7B7BB4EF65F
:101D800060220592059A52B901393FF4ADAB1C6847
:101D9000812204F1200604F15005FFF770BB059A7B
:101DA000013AEEE74FF4FA61F1E700BF001000429C
:101DB00000000246C1C62D001C0000201C000028A7
:101DC00026680BE72568AD077FF531AF02214FF09C
:101DD000030B516240F2FA570021A04AA04DD3F8FC
:101DE00000C081260CF120090CF1500801E0D8F860
:101DF00000A0D9F800A01AF4FE4F01D0013EF6D1A0
:101E0000CCF824B01E68974CD6F808C1D6F80080EC
:101E10000CEA050C28F07048C6F800801E68316492
:101E20001E68C6F800411C684CF00406C4F808613E
:101E30001E68C6F810711E68B164D3F800C0DCF8E3
:101E4000006026F0704646F08056CCF800601E68B0
:101E5000DFF81CC2B164BCF1010C8CD01E68D6F84E
:101E6000208006F1200918F0060FF4D096F850C033
:101E7000DFF8FC815FFA8CFCB8F101083FF47BAF1E
:101E8000D9F800A01AF0020FF6D04FF002081CF0AB
:101E9000020FC6F8248000F0DA8081211A6802F16E
:101EA000200502F150042E6816F4FE4F02D00139CD
:101EB00040F0D180032151621A68D2F808111468E9
:101EC00011F0805F24F070441460674A674C08BFCB
:101ED00014461A6821F08041C2F800411A6821F0C6
:101EE0001F01C2F8081142F2DE111A68C2F810117F
:101EF0001A685F49C2F848E01A6802F12004013903
:101F000040F0BA80146A5B4AD1690D06FCD55B21AA
:101F10009162D1690806FCD54F219162554AD16979
:101F20000906FCD554219162D1690F06FCD54121E7
:101F30009162504AD1690E06FCD55D219162D1694A
:101F40000D06FCD5202191624A4AD1690806FCD5CC
:101F500074219162D1690906FCD520219162454A1C
:101F6000D1690F06FCD572219162D1690E06FCD5AC
:101F7000632191623F4AD1690D06FCD53D219162F2
:101F8000D1690806FCD5302191623A4AD169090627
:101F9000FCD578211C2042F2DE159162354925FAE4
:101FA00000F202F00F073A4607F13006092F02F15E
:101FB000370298BF3246CE693706FCD50438061D75
:101FC0008A62ECD1CA691206FCD520228A62294AAB
:101FD000D1690F06FCD573219162D1690E06FCD53B
:101FE00074219162234AD1690D06FCD53D2191628D
:101FF000D1690806FCD5302191621E4AD1690906D3
:10200000FCD578211C2091621A4924FA00F202F0D2
:102010000F06324606F13005092E02F1370298BF4D
:102020002A46CD692F06FCD50438061D8A62ECD1FC
:10203000CA691506FCD50D228A620E4AD1690C06C2
:10204000FCD50A216FF00B009162FFF74FBA013AFD
:102050007FF4C5AE8FE6266825E700BF801A06002C
:10206000E0FFFFBF1C3C002C1C3C00201C3C002857
:10207000C1C62D00001000422568AE077FF53FAFB6
:10208000022140F2FA5C516200215A4A5A4D5B4EDD
:10209000D3F80080812708F1200A08F1500901E0F7
:1020A000D9F800B0DAF800B01BF4FE4F01D0013FC0
:1020B000F6D10324C8F824401F68D7F80881D7F860
:1020C000009008EA060829F07049C7F800901F68D8
:1020D00039641F68C7F800511C6848F00407C4F849
:1020E00008711F68C7F810C11F68B964D3F8008071
:1020F000D8F8007027F0704747F08057C8F8007094
:102100001F68DFF8FC80B964B8F1010803D16FF0F3
:102110000C00FFF7EBB91F68D7F8209007F1200AF1
:1021200019F0060FF0D097F85080DFF8D4905FFADE
:1021300088F8B9F10109EAD0DAF800B01BF0020F13
:10214000F7D04FF0020918F0010FC7F824900AD019
:102150004EF660270497049F17B9013A98D1D6E745
:10216000049F013FF6E70EF5805EFFF74CB9D8F803
:1021700000A0D9F800A01AF4FE4F01D0013EF6D11C
:102180000326CCF824601E681B4DD6F808C1D6F88B
:1021900000802CF0804C28F07048C6F800801E6843
:1021A0002CF01F0CC6F840E01E68C6F800511D68F0
:1021B0004CF00406C5F8086140F2FA551E68C6F8EE
:1021C00010511E68C6F848E0D3F800C0DCF8006083
:1021D00026F0704646F08056CCF800601E68DFF8A6
:1021E00020C0C6F848E0BCF1010C0BD16FF0130021
:1021F000FFF77CB900093D001C3C002CE0FFFFBF4D
:10220000C1C62D001E68D6F8208006F1200918F0FE
:10221000060FE8D096F850C0DFF838825FFA8CFCE1
:10222000B8F10108E2D0D9F800A01AF0020FF7D0F7
:102230004FF002081CF0010FC6F8248040F0DB804C
:1022400081271E6806F1200806F1500CD8F800908E
:1022500019F4FE4F02D0013F40F0E380032777627C
:102260001E68D6F80871D6F800C017F0805F2CF011
:10227000704CC6F800C0DFF8E8C1754E08BF66466E
:102280001D6827F08047C5F800611E6827F01F070A
:10229000C6F8087140F2F9671E68C6F810711E682A
:1022A0006C4F06F1200C013F40F0BE80346A6A4A50
:1022B000D1690806FCD55B219162D1690906FCD57C
:1022C0004F219162644AD1690F06FCD55421916275
:1022D000D1690E06FCD5412191625F4AD1690D0694
:1022E000FCD55D219162D1690806FCD5202191625F
:1022F000594AD1690906FCD574219162D1690F064A
:10230000FCD520219162544AD1690E06FCD5722178
:102310009162D1690D06FCD5632191624E4AD16963
:102320000806FCD53D219162D1690906FCD5302112
:102330009162494AD1690F06FCD578211C2040F2F0
:10234000F9659162444925FA00F202F00F073A4616
:1023500007F13006092F02F1370298BF3246CE69E5
:102360003606FCD504388A62021DECD1CA6917060C
:10237000FCD520228A62384AD1690E06FCD5732129
:102380009162D1690D06FCD574219162324AD169FE
:102390000806FCD53D219162D1690906FCD53021A2
:1023A00091622D4AD1690F06FCD578211C209162DB
:1023B000294924FA00F202F00F06324606F13005F0
:1023C000092E02F1370298BF2A46CD692E06FCD5A8
:1023D0000438051D8A62ECD1CA691406FCD50D22A9
:1023E0008A621D4AD1690806FCD50A2191626FF004
:1023F0001400FFF77BB84EF660260796079E56B985
:10240000013F3FF4F3AED3F800C081260CF1200960
:102410000CF15008ADE6079E013EEEE74FF4FA6777
:10242000F1E7DCF8009011E7DCF8008018F0020F0B
:102430003FF439AF02274FF0000C7762074ED3F814
:102440000080812708F1200A08F150090CE000BF44
:102450001C000028C1C62D0000100042801A060092
:102460001C000020D9F800B0DAF800B01BF4FE4FD1
:1024700001D0013FF6D10325C8F824501F68B64D9E
:10248000D7F80881D7F8009028F0804829F07049E3
:10249000C7F800901F6828F01F08C7F840C01F68E1
:1024A000C7F800511D6848F00407C5F8087140F2EC
:1024B000FA551F68C7F810511F68C7F848C0D3F80D
:1024C0000080D8F8007027F0704747F08057C8F8B0
:1024D00000701F68DFF88882C7F848C0B8F10108AB
:1024E00085D01F68D7F8209007F1200A19F0060F51
:1024F000F4D097F85080DFF868925FFA88F8B9F165
:1025000001093FF474AFDAF800B01BF0020FF6D007
:102510004FF0020918F0020FC7F8249038D0812735
:102520001E6806F1200806F1500CD8F8009019F446
:10253000FE4F01D0013F2FD14FF0030CE7B2C7F59A
:102540008077974228BF1746C6F824C01E68D6F881
:1025500008C1D6F8008028F07048C6F800801D68D1
:102560007E1E2E641E687C4DC6F800511D682CF03E
:10257000804626F01F06C5F8086141F2ED261D6869
:1025800001EB070CC5F810611E68B464734E0DE0D2
:10259000013E7FF454AF2AE7DCF80090C5E7D3F89A
:1025A0000080D8F8209019F0040F05D1013EF6D133
:1025B0006FF01600FEF79ABF11F8016B8C4588F892
:1025C0005060E3D166490139F2D01E68D6F8208008
:1025D00018F0020FF7D002213C447162D21B614611
:1025E000FEF71ABFDEF80090D8F8009019F4FE4FFD
:1025F00001D0013EF6D1CCF824A01E68D6F808C15F
:10260000D6F800E00CEA050C2EF0704EC6F800E09B
:102610001E6832641E68C6F800B11C684CF00406DF
:10262000C4F808611E68C6F810711E68B264D3F859
:1026300000C0DCF8006026F0704646F08056CCF80A
:1026400000601E68B264464E013E03D14FF0FF3079
:10265000FEF74CBFD3F800C0DCF820E00CF12008F6
:102660001EF0060FF0D09CF850E03D4E5FFA8EFE53
:10267000013EEBD0D8F8009019F0020FF8D00224F8
:102680001EF0010FCCF8244074D04EF6602606965A
:10269000069E36B901397EF4CBAE6FF00100FEF72D
:1026A00025BF069E013EF2E7DEF8009079E0D3F800
:1026B00000E0DEF820600EF1200A16F0060F06D1C9
:1026C000B8F10108F3D16FF01E00FEF70FBF9EF8BE
:1026D0005080013D09F8018B80F09980204D013D2B
:1026E000F1D0DAF8008018F0020FF8D00225CEF809
:1026F000245000258E4617F8018B1CF80590C14523
:1027000004D018481544401BFEF7F0BEBEF1010E80
:1027100005F10105EFD10A448C44641A31E000222E
:102720000192FEF775BF104AD2F8143823F4806383
:10273000C2F8143802F58052536923F48063536160
:10274000BFF34F8F094B0A4AC3F80C2DBFF34F8FCD
:10275000FEE72668FFF71FB81C3C002C81841E0092
:10276000C1C62D0018FCFFFF0000024600E002E099
:102770000400FA051A6912077EF5B8AE1A1D92E830
:102780001410002C3EF4B2AEB4F5807F21464FF019
:10279000810728BF4FF480711D6805F1200805F1FD
:1027A000500ED8F8009019F4FE4F02D0013F7FF48C
:1027B0007BAF03276F621D680DF12009D5F808E192
:1027C0002F682EF0804E27F070472F601F684D1E37
:1027D0003D641F682EF01F0EC7F800B11E684EF052
:1027E0001407C6F808714EF611661F68C7F8106125
:1027F0001F68BA64D3F800E0DEF8007027F0704775
:1028000047F08057CEF800701F68BA644F46DFF873
:10281000108055E7022050620020FEF7FDBB00BF8C
:10282000C1C62D002DE9FF410224204E204FDFF8C4
:1028300098800A23042200930021304603AB10F055
:1028400005F9054620BB013C012C13D8404612F087
:1028500059F901F0A6FD022811D1164812F052F9DB
:10286000022103AA304610F0C7F8134811F0CEFF3A
:1028700011F0BCFF642011F077FB2C46D9E7032848
:1028800001D10E48EAE704280CBF0D480D48E5E7E2
:1028900034F0020307D1384612F034F903213046F0
:1028A00003AA10F0A9F80125E4E700BF0084003472
:1028B0009E5F1170485F1170A08200345E5F1170DE
:1028C000745F1170895F11702E5F11700A4B0839A7
:1028D00099420ED8036803F14C43B3F5001F08D8A2
:1028E000406800F11040B0F1406F2CBF0020012083
:1028F00070470020704700BFF8FB070070B5114B10
:10290000114C05464FF48042184624F01F0112F086
:1029100076FB0346BFF34F8FBFF34F8FBFF36F8F2D
:1029200000210A4AC2F85012BFF34F8FBFF36F8FD6
:10293000BFF36F8F04F01F0428462344BDE87040A6
:10294000184700BF804200345D0D107000ED00E0BC
:10295000002310B50D4A88B0CDE90123CDE903333A
:1029600001230B4C01A805930694FFF7C7FF094A02
:1029700040B94FF0E0431046E3610749074B196146
:1029800008B010BDC3B283EA0200F9E700A0025804
:102990005042003441544F313152425000001B34F8
:1029A0004FF0FF3310B50A4C0144814201D1D843A6
:1029B00010BD10F8012B5340082242F001E043F310
:1029C0000002224082EA53030FF007C8EDE700BF80
:1029D0002083B8ED2DE9F0474FF480050027184C0F
:1029E000DFF86090DFF860A005F1E04625606760E1
:1029F000A772336827814B4518D17368A3F1080289
:102A0000524513D8B2686360202A28BF202290461E
:102A1000012204F10A03002122811846212212F02A
:102A200073FA424606F1100112F0E9FA05F5800545
:102A3000B5F1807F04F12C04D6D1BDE8F08700BF4A
:102A4000C4410034534C5431B8FF07002DE9F04322
:102A50000D4690469946074691B0002877D03F4BE7
:102A6000A1F108029A4272D8FFF730FF002871D016
:102A7000FFF7B0FF3A4B1C893CB19A8E002A4AD02E
:102A8000B3F86030002B48D10224202200210DEB46
:102A9000020012F039FAB9F1200F28BF4FF02009D7
:102AA00041464A4608A812F0AAFA29463846FFF7D6
:102AB00077FF2C4E2A463946F06006F1400012F0AE
:102AC00009FA294B2022002106F11000C6E9003541
:102AD000C6F8089012F018FA4A4608A906F1100044
:102AE00012F08DFA0C22214B40350193631C9B059B
:102AF00002931F4B01A8CDE90356CDE905230793A7
:102B0000FFF7FCFEE0B1C0F1FF2000F57F009C3034
:102B100011B0BDE8F0830124B7E7164B16481A78C8
:102B200011065FBF1C7803230134B4FBF3F34EBFDF
:102B3000002403EB4303E41A214611F073FFA4E7DA
:102B40000C4B62B21A70FFF745FF2046E0E74FF0EA
:102B5000FF30DDE76FF00200DAE700BFB8FF0700E3
:102B6000C4410034208C0034534C543100A002582E
:102B700000001B3400000034BC5F11700B232DE9F2
:102B8000F04FDDB0A822C0210093A748022311F026
:102B900049FF41F690760A23A822CDE90036C021EC
:102BA0000223A24811F03EFFDFF8D4B2A04C00236C
:102BB0004FF4967080224FF40075CDE90430CDE9D2
:102BC00001259C489C4A0393009311A910F024F915
:102BD00008B100F02FFB4FF0FF32002111A810F0D8
:102BE00067F808B100F026FB4FF47A7341F6907253
:102BF000594611A810F08AF8064660B111A810F0E5
:102C0000C3F811A810F080F92E2011F01DFFC82084
:102C100011F0AAF9CBE7894811F074FF0123DFF81E
:102C200064A2DFF86492864F26608AF80030C9F803
:102C300000602368B3F5002F53D2642209A911A8BC
:102C4000CDE9096610F0B2F98046002849D109980B
:102C50000AA90FF057FF0A9D002D3DD023682B4491
:102C6000B3F5002F37D8099B206899682A46384465
:102C700012F0C5F923682B44236023680F2B7CD9FD
:102C80003A68704B9A4278D1D7E902130B4410335B
:102C9000B1F5FA6F226898BF1A4623684FF47A702C
:102CA000934207D221684346A1FB00010792FDF73A
:102CB00091FE079A4FF42051C9F800002368B3FB36
:102CC000F1F001FB10339D4205D921685E48920A5C
:102CD000890A11F0A7FE012509A80FF0A9FF002D10
:102CE000A7D14FF47A73C9F800302168574811F022
:102CF00099FE2368102B5CD9514E524B32689A4290
:102D000057D1D6E90185F7682A463B4641465048E7
:102D100011F088FEB8F1020F42D1B5F5FA6F3FD835
:102D2000072F3DD92268EB191033934238D1B3F500
:102D3000002F35D805F1100039462B4606F1100258
:102D40003044FFF783FE011E26DB182D2A4641483A
:102D500028BF182206F1100311F064FE00234FF47F
:102D60007A7111A88AF8003010F0F4F811A810F068
:102D70000BF811A810F0C8F849E74FF42052236867
:102D8000B3FBF2F102FB11339D42A4D92168324812
:102D9000890A11F047FE9EE7304811F043FEDDE757
:102DA00023682A46009341463B462D4811F03AFEDF
:102DB000D4E72368002BD1D022682A4B9A42CDD881
:102DC0001F4D2268294605F5806012F083F82648D9
:102DD00011F098FE216805F58060FFF777FD30B9A6
:102DE000224811F08FFE6FF062012148D5E74FF4C1
:102DF00080622049284612F002F94FF480131E4ADF
:102E00001C21CDE90A2323680AA803F58063CDE9D4
:102E10000C350023CDE90E13184B1093FFF76EFD10
:102E2000014600289AD0E0E7E65F11700360117058
:102E30001C8C0034008400342D60117038601170D7
:102E4000208C00344F4657327A6011709D601170AB
:102E5000C5601170F76011708F601170146111708E
:102E600031611170FFFB07006561117080611170A5
:102E7000BE6111700000107000A0025800001B34E9
:102E80000A02A8C04C4200344842003470B50446DF
:102E900088B0FFF79FFD022C38D82C22214B02FB73
:102EA00004331B89ABB304F2C114A40565681E4B3F
:102EB000A5F108029A422FD8403429462046FFF750
:102EC00005FD60B3194E4FF480621949304612F087
:102ED00096F82A46214606F5806012F090F81548CB
:102EE00011F010FE4FF48013134A1C21CDE9012389
:102EF0000023CDE90513114B05F5806501A8CDE947
:102F000003560793FFF7FAFC08B070BD4FF0FF308F
:102F1000FAE76FF00100F7E76FF00200F4E76FF0F7
:102F20000300F1E7C4410034F8FB0700208C0034B3
:102F300000001070D661117000A0025800001B3410
:102F400010B525488CB011F0DDFD2448244BC26833
:102F50009A420DD10168426883684068214C00287C
:102F6000214808BF2046DBB20090204811F05AFDEE
:102F70001F4A204C53692146039313691E4802934C
:102F8000D368019393680093D2E9002311F04AFDBE
:102F900000230594114CCDE90633CDE90A4408938A
:102FA000E360022305A80993FFF7A8FCA268A368C1
:102FB000A4680146C4F34004009403F001030F48E1
:102FC00011F030FD202305A80993FFF797FC0C486A
:102FD00011F098FD0CB010BD0B62117000001B3495
:102FE0005354523103621170066211703F621170C6
:102FF0005042003400A0025874621170E1621170F6
:103000001A63117070B504468AB0594811F07AFD00
:103010000A2641F69073A822C021CDE900635548E5
:10302000022311F0FFFC544811F06CFD0CF052FF2C
:10303000002343F65862204609A911F0A1FA10B105
:1030400002200AB070BD43F658633C224B4DCDE9D7
:1030500000322846099B4FF4C06249490FF066FDD3
:103060000346002840F082804FF40062204609A900
:1030700011F086FA03460028E2D14FF4FC62CDE954
:1030800004624FF400620392099A3E4902923E4A5A
:10309000CDE9005202463D480FF00EFC08B1432036
:1030A000CFE76FF0FF023A4938480FF0CFFB0346F5
:1030B0000028F4D14FF48062204609A911F060FA8B
:1030C0000028BDD14FF48062099930480FF062FBAF
:1030D0000028E4D12D480FF08FFB0028DFD12B48CA
:1030E0000FF078FE0028DAD128480FF089FF002879
:1030F000D5D100234FF40062204609A911F040FA0F
:10310000034600289CD10122B025CDE905250B22DC
:10311000CDE902224FF400620192099A04900092D4
:103120001C491D4A1D4811F0C5FA0346E0B94FF489
:103130008052204609A911F023FA034600287FF4A3
:103140007FAF0A22CDE902224FF480520192099A00
:10315000CDE90505049000921149124A124811F078
:10316000A9FA00283FF46DAF0E206AE7062068E751
:103170002E6311704963117065641170E08B003427
:10318000686311707463117075D610700084003418
:103190000B02A8C080631170252810705083003482
:1031A0008C6311707D2B1070A082003408B5044828
:1031B00011F0A8FC00F0A8FF642010F0D5FEF9E79C
:1031C0009763117000B58BB000234FF4005209A92A
:1031D00011F0D6F90346C0B90122B0210420CDE98F
:1031E00005211622CDE9032002924FF400520192EC
:1031F000099A074900920748074A11F05BFA00282C
:1032000018BF0E200BB05DF804FB0220FAE700BFE8
:10321000B3631170208C0834AD311070044B82B050
:10322000C3F85C0AD3F85C320193019B02B070478B
:103230000080025607B500224FF48061114805F066
:10324000BDF80025104E114C00224FF4806130462D
:1032500005F0B4F80195019BA3420ED901224FF469
:103260008061304605F0AAF80195019BA342EBD896
:1032700000BF019B01330193F7E700BF019B0133BE
:103280000193E8E70010025600180256BFC62D0051
:1032900010B5134B134C01222360A3F17E53A3F509
:1032A0007D23A3F64423636000232046C4E9023251
:1032B000C4E90433C4E90633236205F0A2F80146E9
:1032C00008B1FFF7B7FF204605F0F0F801460028E7
:1032D000F7D1204605F010F90028F2D110BD00BF4B
:1032E00000580050148E083480B5614B8EB05A6976
:1032F00012F4003211D1BFF34F8FBFF36F8FC3F8B9
:103300005022BFF34F8FBFF36F8F5A6942F40032E0
:103310005A61BFF34F8FBFF36F8F0023544AC2F837
:103320008430BFF34F8F536923F480335361BFF36D
:103330004F8F43F6E074D2F88030C3F3C900C3F373
:103340004E335B0100F1010E01464EF001E003EA4D
:10335000040646EA8175C2F8745201390FF007C8B5
:10336000203B13F1200FEDD1BFF34F8FBFF36F8FD1
:1033700000254FF001094FF4806601F03FFB03F098
:1033800047FA01F03BFB1422002101A811F0BCFD1B
:103390000820FFF743FF1020FFF740FF0220FFF750
:1033A0003DFF8020FFF73AFF4FF40040FFF736FF64
:1033B0004FF48040FFF732FF2020FFF72FFF40201F
:1033C000FFF72CFF4FF40050FFF728FF0120FFF715
:1033D00025FF00224FF48061264804F0EFFF002211
:1033E0004FF48A61244804F0E9FF002208212348B1
:1033F00004F0E4FF1F4801A90324CDE90169CDE9E8
:10340000035504F035FE4FF488631B4801A9CDE94C
:1034100001390494039504F02BFE10234FF00808A3
:10342000154801A9CDE90139CDE9039404F020FE46
:1034300001A91248CDE90189CDE9039504F018FEF0
:103440004FF4E1330E4C0F4A2046C4E900230C230D
:10345000C4E90255C4E90535C4E90755C4E909556D
:10346000256109F066FF014670B1FFF7E3FE00BF7A
:1034700000ED00E00010025600180256000002564F
:10348000D88C08340010005220460AF071F801462A
:103490000028EAD120460AF08BF80028E5D1204622
:1034A0000AF04BF80028E0D14FF48033D74CDFF816
:1034B000A0E3FF27C4E900E30223E064C4E902308B
:1034C000C4E911032046276503F0E3FA0028CCD1B4
:1034D0004946204603F0B2FB05460028C5D13422F8
:1034E000014601A811F010FDC94CCA4B4FF40270FF
:1034F000C4E900352823C4E907384FF48C7340F23F
:103500000D2CC4E909034FF490732046C4E9025519
:10351000C4E90455C4E90BC3A561A58684F83650F7
:1035200005F08AFA024600289FD14FF4F0714FF45B
:103530008873CDE9021001900420CDE90430052004
:10354000CDE90B13CDE9090201A92046CDE90672A8
:103550000896ADF834208DF8362005F0F9FA0028E9
:1035600083D14FF4007603240225FFF791FEAA4B86
:1035700001A9C3F8586AD3F8583209200093009B78
:10358000CDE9015409F006F801A9082009F002F874
:1035900001A9062008F0FEFF01A90A2008F0FAFFA1
:1035A00021469E4809F00CF821469D4809F008F88C
:1035B00021469C4809F004F82021012005F034FB45
:1035C00040F201320821984804F0FDFE40F2013239
:1035D0001021964804F0F7FE40F201324FF480418A
:1035E000924804F0F0FE40F201322021904804F0AD
:1035F000EAFE40F2013240218D4804F0E4FE40F240
:1036000001324FF480618A4804F0DDFE40F201325D
:103610001021884804F0D7FE40F20132202185486D
:1036200004F0D1FE40F201328021824804F0CBFE4A
:1036300040F201324FF480617E4804F0C4FE40F253
:1036400001324FF400617B4804F0BDFE40F20132CC
:103650004FF48051774804F0B6FE40F201324FF447
:103660000051744804F0AFFE40F201324FF4804143
:10367000704804F0A8FE40F201324FF400416D485A
:1036800004F0A1FE40F2013210216B4804F09BFED1
:1036900040F201324021684804F095FE40F20132C8
:1036A0004FF48061644804F08EFE40F20132202124
:1036B000624804F088FE40F201320121604804F0C3
:1036C00082FE294640F201325D4804F07CFE40F261
:1036D000013204215A4804F076FE40F201320821FA
:1036E000574804F070FE40F201321021544804F0B3
:1036F0006AFE40F201322021514804F064FE40F29B
:10370000013240214E4804F05EFE40F201324FF497
:1037100080714B4804F057FE314640F20132484870
:1037200004F051FE40F201324FF48061444804F04D
:103730004AFE40F201324FF40061414804F043FE7A
:1037400040F2013201213F4804F03DFE40F20132D7
:1037500004213C4804F037FE40F201321021394880
:1037600004F031FE40F201322021364804F02BFEF5
:1037700040F201320121344804F025FE294640F28E
:103780000132314804F01FFE40F2013204212E487C
:1037900004F019FE40F2013208212B4804F013FE18
:1037A00040F201321021284804F00DFE40F20132AF
:1037B0002021254804F007FE40F201324021224832
:1037C00004F001FE40F2013280211F4804F0FBFDAD
:1037D00001F032FB4FF6FF7001F01CFB00231B4A87
:1037E000C2F88430BFF34F8F43F6E074D2F88030D4
:1037F000C3F3C900C3F34E335B0100F1010E014670
:103800004EF001E003EA040624E000BF9C8F083478
:103810006C8D083400100058008002561D000020F6
:103820001C0000100700003000000256000C025679
:10383000001002560014025600180256001C0256D0
:103840000034025600380256003C025600ED00E0FB
:103850000010025846EA8175C2F86C5201390FF027
:1038600007C8203B13F1200FC7D1BFF34F8FBFF321
:103870006F8F4FF4E13002F0D9FE244811F042F985
:10388000FFF766F80146224811F0CCF8FFF758FB25
:10389000204811F037F980211F48204B0022036097
:1038A0001F4B01245970E1211A709970DA701A7156
:1038B0005A7143601B4B1C4A43616033836140F281
:1038C000F453C260603204720261C36104F0B6F95D
:1038D000014600287FF4C9AD144B3C22184611F074
:1038E00013FB212242604FF440328261104811F0F4
:1038F00009F902F0FDFE0F4811F004F90E4811F02D
:1039000001F90E4B1C700FF0D9FEFEE7BD6311707C
:10391000EE6311702F641170688E083400600358D4
:10392000D08C083400801F34C0801F3404900834C9
:10393000406411705664117067641170D68C08343D
:10394000F0B5114D0244AC680B44013CBDF8147055
:103950006E68DFF838C0A4B292B21FFA83FE8242CA
:1039600000D8F0BD0D46231A9BB206FB03130CEBE7
:103970004303AE4502D8013080B2F0E7013523F8A9
:10398000027BADB2F5E700BFE4491434E49108349A
:103990000023134A70B5C2F88430BFF34F8F43F64B
:1039A000E074D2F88030C3F3C900C3F34E335B0137
:1039B00000F1010E01464EF001E003EA040646EA7A
:1039C0008175C2F86C5201390FF007C8203B13F122
:1039D000200FEDD1BFF34F8FBFF36F8F70BD00BFCE
:1039E00000ED00E02DE9F743FEF7F4FF0124154E4A
:1039F000154F164DDFF85C80DFF85C90338927F8AF
:103A0000023BDBB1B37A93B106F10A0300934A4655
:103A100023462821284611F031F90134042C06F1FF
:103A20002C0605F12805E9D103B0BDE8F083234653
:103A300042462821284611F021F9EEE72346044AA0
:103A4000F7E700BFC4410034569008345C90083456
:103A50009C641170876411707B6411704FF6FF7362
:103A600000282DE9F04F4CF2186718BF0027294DA8
:103A7000DFF8AC90DFF8AC80274EB5F800A0B9F8BD
:103A80000040B8F800B085B0318822465046009317
:103A90005B46FFF755FF01EB0B030AEB0402013B0A
:103AA000013A504600979BB292B201F091FB2888F0
:103AB0003188B8F80030B9F800200B440244043BC8
:103AC000043A0331033000979BB292B289B280B2BC
:103AD00001F07EFBB8F80010B9F8003030882039CA
:103AE00001EBD171A3F1080200EB6101603B288872
:103AF00003EBD37300EB630000230293074B92B2F6
:103B00000193202389B2009380B201F063FC05B0D9
:103B1000BDE8F08F4A90083448900834AB641170C7
:103B20004690083444900834584B2DE9F04F1D88D6
:103B3000574B89461C88574B2C4414FB00F41B88B8
:103B4000DFF864B11C444FF6FF73DFF860A1BBF8E7
:103B50000060BAF8002087B0A4B2009380462B46DC
:103B6000214630460592FFF7EBFE059AB718BFB223
:103B7000B9F1000F7FD04FF4FC6930460423CDF833
:103B80000090FFF7DDFE291F214430460423059AEB
:103B900089B2CDF80090FFF7D3FE2B4630460422C1
:103BA0002146CDF80090FFF7CBFE381F2B460422AC
:103BB000CDF8009080B2FFF7C3FE6FF009073436EE
:103BC00004EB5505B6B2ADB2002307FB07F2C2F114
:103BD00064021846013303FB03F18A42F9DA80B22A
:103BE0004200E9190132301A0123CDF8009092B257
:103BF00089B280B20137FFF7A3FE0B2FE4D1264B29
:103C000008EB880503EBC5034CF21865234EBBF89F
:103C1000000036F81870BAF80020002F0CBF2F46AD
:103C20000027CDE90137202304F1100160306E3AFE
:103C3000009392B289B280B201F0CCFB134BBBF877
:103C40000000198836F8183024392144144C002B10
:103C5000144B18BF2346BAF80020CDE901351823CC
:103C600060306E3A009392B289B280B201F0B2FB3A
:103C700007B0BDE8F08F6B1E23447A1E3046CDF8A6
:103C800000909BB292B201F0A3FAB8E74E900834CC
:103C90004C900834529008345C90083456900834A4
:103CA000AF641170BD6411705490083450900834A2
:103CB000F8B51B4B1C78E4B91A4B1B4D1E881B4BE7
:103CC0002F881B4D1A881B4B2D8832441B8892B2BB
:103CD0003D4487420ED885420CDD99420AD303EB5E
:103CE000060C8C4506DD144B62B293F9000082424B
:103CF00007D1F8BD0134E4B21344032C9BB2E8D1E0
:103D0000F7E700281A7003DB0021C0B2FFF70CFFB1
:103D100020460121FFF708FFBDE8F840FFF738BE55
:103D2000D59008344E900834549008344C900834A0
:103D30005090083452900834080000342DE9F04FB8
:103D4000964B8FB01A78964B02F0FF05002A00F0D0
:103D5000A480944C0A2022681968B2F57A7F8CBF3F
:103D60004FF47A722268B1FBF0F1B2FBF0F58D42AC
:103D700000F090804FF6FF701A6001F04BF8236856
:103D8000894EB3F57A7F28BF4FF47A733788994606
:103D90005F434FF6FF730021844CDFF83CA2009391
:103DA0000846A38B628BFFF7CBFDBAF80030804D3D
:103DB000203B03EBD37C7F4B2888628B019320232D
:103DC0008846A2EB400202910093CCF34F0192B2DD
:103DD00001F000FBBAF800C0628B0CF1FF33013A2E
:103DE000ACF1020C40461FFA8CF1CDF800809BB27A
:103DF00092B201F0EDF94CF218634FF0030AB5F8F6
:103E00000080A18B0093B1FBFAF106234046328873
:103E1000FFF796FDB7F57A7F0ED34FF47A73B7FBB1
:103E2000F3F24FF4FC63A18B40460093B1FBFAF12F
:103E3000062392B2FFF784FD0A230DF11808B9FB9F
:103E4000F3F320215C4A404610F018FF03270023BB
:103E5000A18BCDE90183B1FBF7F120231831009349
:103E60003288288889B201F0B5FA4CF21863A18B28
:103E70000293524BB1FBF7F1019318235031009399
:103E80003288288889B201F0A5FAFFF781FD022265
:103E90004B4B1A700FB0BDE8F08F4FF0FF32DFF8D8
:103EA0003C911A60464B99F800201B789A42F1D059
:103EB000FFF76EFD4FF6FF7000F0ACFFFFF768FDF7
:103EC000FFF790FD99F800404CB1012C00F088807C
:103ED000FFF75EFD99F80030394A1370DAE7394B85
:103EE000002193F90060DFF8C480002EA8BF364B94
:103EF000DFF8E4A0A8BF33F816404FF6FF73009335
:103F00000846B8F81C30B8F81A20FFF719FDBAF8BF
:103F10000030274F203B03EBD37C2C4B3888B8F87C
:103F20001A20019320230D46A2EB40020291009338
:103F3000CCF34F0192B201F04DFABAF80010B8F884
:103F40001A204B1E013A023992B29BB2284689B21E
:103F5000009501F03DF9B6FA86F128464909FFF7C8
:103F6000E3FD731E594259410120FFF7DDFDB21EEA
:103F7000514251410220FFF7D7FD154B0A4A0193E8
:103F8000182314490295009338881288098801F093
:103F900021FAE0B2FFF762FD9AE700BF4C4200341D
:103FA000040000344842003450900834E44914348A
:103FB00054900834C3641170D6641170E6641170B3
:103FC0000900003408000034569008340C65117064
:103FD000256511704090083442900834D59008341B
:103FE0004FF6FF7A3E4B3F4F93F90030CDF800A0DB
:103FF00029467A8B28460593BB8BFFF7A1FC3A4BE9
:1040000028461E884FF4FC6300937A8B3346203E8B
:10401000FFF796FC06EBD6712026DFF8E0807A8B5E
:10402000B8F80000314BA2EB4002019392B2334644
:10403000C1F34F010295009601F0CCF99DF81430C0
:104040002B4A03EB830302EBC303B98BCDE9006377
:10405000DFF8ACB00295BBF800203346B8F800009A
:10406000C90801F0B7F94CF21863B88B0293214BE1
:104070000521019318230093BBF80020DFF884B0DA
:10408000B0FBF1F1B8F8000001F0A4F9BBF8007042
:10409000B8F80000A7F1280189B22C237822CDF8C6
:1040A00000A00590FFF74CFC0598FB1C00F177027F
:1040B0009BB292B2009501F08BF8BBF80010B8F8F3
:1040C00000000D4B22391830CDE9006380B2334631
:1040D0005A22029589B201F07DF920465AE700BFC5
:1040E00008000034E44914344290083446651170E5
:1040F0005C900834556511708065117054900834D7
:1041000050900834409008342DE9F04F012287B0D8
:104110004FF4806189488A4C04F050F901224FF431
:104120008061884804F04AF9236898470A23864D3D
:104130001820AA8B8549B2FBF3F30B80698BDFF85B
:104140005082B1FBF0F0A8F80000400080B2804E31
:104150000F1A37800C2603447E489BB203807E48AA
:10416000D21A06800620B2FBF0F27C4892B2A2F18D
:104170000C06068048087A4EA2F11607091A02EBCF
:10418000420230801344774801EBD171764A4910DE
:104190009BB2018003F110011180744E744A3833D0
:1041A000378013800027FF22724B734EDFF8E491B3
:1041B0001A70377089F80070FFF714FCFFF7BEFD26
:1041C000636800209847B4F93430DB0F05930CD0B6
:1041D000218CA089FFF76CFD3FB93178B4F80CA0B1
:1041E000278C002959D001297AD099F80030002B6A
:1041F0004CD0604B002793F900204FF6FF733946EF
:104200003846049200936A8BAB8B89F80070FFF7F5
:1042100097FB5A4B4FF0030B01932023DFF830A19B
:10422000A98B00930297B1FBFBF1BAF80020B8F814
:10423000000001F0CFF84CF2186302939DF81030A3
:104240004F4AA98B03EB830302EBC3030193B1FB3A
:10425000FBF118233231009389B2BAF80020B8F884
:10426000000001F0B7F8FFF793FB424B93F9000011
:1042700020EAE070FEF70AFE014600285CD04148C3
:1042800010F0D0FB0222404B37701A70FFF756FD3A
:1042900001200FF069FE059F92E739465046FFF76F
:1042A00007FD344B93F90030002B9EDB374A32F880
:1042B0001330002B99D02B4B29491A8808882C4B96
:1042C0002A4992451B8809888FD3024452458CDDC8
:1042D0009F428AD30B44BB4287DD0123337084E7BE
:1042E000204B1F481A88B0F800C0214B1F48924548
:1042F0001B88008807D36244524504DD9F4202D3E5
:104300000344BB4215DCB8F80020174B92451B88CC
:10431000FFF46BAF783252457FF767AF283B9BB213
:104320009F42FFF462AF2C33BB427FF75EAF0023A6
:10433000D4E789F8001058E7FEE700BF00180256DE
:104340001800003400100256E44914344290083436
:1043500050900834529008344C9008344E900834F1
:10436000469008344A900834409008344490083409
:104370004890083408000034D590083485651170E1
:104380005C9008349265117009000034569008342E
:1043900054900834D490083408B502F0A9F90020EC
:1043A00008BD08B502F0BCF9012804D0821ED2B2C3
:1043B000042A88BF002008BDC0B26DED81CF11B1C5
:1043C00040B1012809D09FEC100A9FE80F90FDEC46
:1043D00081CF7447024B1960F5E7024BFBE700BF42
:1043E000DC900834D8900834044B82B0C3F85C0ADF
:1043F000D3F85C320193019B02B0704700800256F3
:10440000044B82B0C3F8600AD3F860320193019B79
:1044100002B070470080025608B504F025FC04F095
:104420002BFCBDE8084004F02FBC00000268034BE1
:104430009A4202D10220FFF7E3BF704700100258F2
:10444000F0B50446EBB01422002101A810F05CFD89
:104450004FF4C872002106A810F056FD22682B4BBD
:104460009A4251D12022002306A8CDE9062304F068
:104470008FFD08B1FEF7DEFE4FF00070FFF7C0FFC2
:104480008020FFF7B1FF2020022400260B27FFF732
:10449000ABFF0546019001A91D48CDE902460494F1
:1044A000059703F0E5FD4FF6B0431A4801A9CDE9A1
:1044B0000134CDE90364059703F0DAFD3246314655
:1044C000B32002F0EDF9B32002F01EFA4FF48000A1
:1044D000FFF796FF4FF40000FFF792FF4FF0807058
:1044E000FFF78EFF29460B4803F0B2FE2946094824
:1044F000324603F063FF0123064801A9CDE90234E7
:104500000195049403F0B4FD6BB0F0BD0060035856
:10451000001C02560014025610B50446EAB01422DC
:10452000002101A810F0F0FC4FF4C872002106A889
:1045300010F0EAFC2268164B9A4227D100234FF470
:104540000052CDE90623134B06A8419304F020FD49
:1045500008B1FEF76FFE0820FFF746FF44F2100295
:104560001223CDE901230023CDE9033304230A48B4
:104570000DEB0301059303F07BFD4FF48002074B25
:10458000C3F8642AD3F864320093009B6AB010BD6C
:10459000005800500C040107000C0256008002561F
:1045A000F0B50446EBB01422002101A810F0ACFCD9
:1045B0004FF4C872002106A810F0A6FC2268384B00
:1045C0009A426AD100234FF08072CDE906234FF062
:1045D00000734C93852306A8279304F0D9FC08B1F7
:1045E000FEF728FE02242F4B2046C3F87C4AD3F85E
:1045F0007C3200260093009BFFF7F6FE8020FFF739
:10460000F3FE2020FFF7F0FE0120FFF7EDFE402033
:10461000FFF7EAFE03250E2749F61043224801A9B9
:10462000CDE90134CDE90365059703F021FD1023A1
:104630001E4801A9CDE90134CDE90365059703F0D2
:1046400017FD4FF440731A4801A9CDE90134CDE9B3
:104650000365059703F00CFD48F62773154801A97B
:10466000CDE90134CDE90365059703F001FD012390
:10467000CDE901340A23104801A90593CDE903656A
:1046800003F0F6FC4FF408530B4801A9CDE90134BF
:10469000CDE90365059703F0EBFC6BB0F0BD00BFFF
:1046A000001000580080025600040256001C0256FA
:1046B00000140256000002560018025608B502689F
:1046C000104B9A421DD102220F4B49F61041C3F8FC
:1046D0007C220E4803F0BCFD10210D4803F0B8FD0C
:1046E0004FF440710B4803F0B3FD48F627710A48B8
:1046F00003F0AEFDBDE8084042F20121074803F097
:10470000A7BD08BD001000580090025600040256D4
:10471000001C0256001402560000025600180256F1
:1047200010B50446EAB01422002101A810F0ECFBF9
:104730004FF4C872002106A810F0E6FB2268184B5F
:104740009A422BD14FF480730022CDE90623154BFA
:1047500006A85A9304F01CFC08B1FEF76BFD10206C
:10476000114B6022C3F86C0AD3F86C32002400931A
:10477000009BFFF739FE0223CDE9012307230B48F5
:1047800001A90593CDE9034403F072FC9F20224662
:10479000214602F085F89F2002F0B6F86AB010BDFD
:1047A000001000523000010700800256001002562F
:1047B000F0B5014689B0BFF34F8FEFF314839B0729
:1047C0002CD5EFF3098422686368A068E568266940
:1047D0006769D4F818C0E469CDE90005CDE904C4DF
:1047E000CDE90267114810F01DF9114B1149D3F8BA
:1047F000142822F48062C3F814280691069A82B91C
:10480000D3F8142842F48062C3F814280791079A59
:10481000002AECD0079A013A0792F8E7EFF30884F0
:10482000D1E7069A013A0692E8E700BFA665117043
:1048300000000246A0252600FEE7000008B501485A
:10484000FFF7B6FF6F66117008B50148FFF7B0FFBC
:104850007966117008B50148FFF7AAFF83661170E9
:1048600008B50148FFF7A4FF8C66117008B5014830
:10487000FFF79EFF976611707047704708B501F00B
:10488000D9FF044B1B781BB1BDE80840FCF73CB8CE
:1048900008BD00BFD68C083470470000014807F0FF
:1048A000F1BE00BFD88C0834014802F00BBF00BF36
:1048B000688E08340120704708B510F073FB16238A
:1048C00003604FF0FF3008BD08B510F06BFB1623F6
:1048D0000360FEE770B50D4614460E46731B9C42FE
:1048E00001DC204670BDAFF3008006F8010BF5E750
:1048F00070B50D4614460E46731B9C4201DC2046E3
:1049000070BD16F8010B01F0E3FEF5E74FF0FF3044
:1049100070474FF4005300204B60704701207047F0
:10492000002070470B4A0346116810B509B90A49BF
:104930001160106809490A4C0344091B8B4206D9CF
:1049400010F030FB0C2303604FF0FF3010BD1360FC
:10495000FCE700BFE09008347053143400002034AA
:10496000000800001E491F4AD1F88C3010B543F4EE
:104970004063C1F88C30536B23F0E05343F0805315
:1049800053630022184BC3F88022C3F88422C3F873
:104990008822C3F88C22C3F89022C3F89422C3F86B
:1049A00098220122114B8B60114BC3F8782AD3F85F
:1049B00078028C680F4803F5805304610069C3F8DE
:1049C0007822D1F888300C4A43F47003C1F888305B
:1049D000D2F8883043F47003C2F8883010BD00BFAD
:1049E00000ED00E000EF00E000E100E000041070E6
:1049F000008002560080005600ED02E07B4BF0B5CF
:104A00001A6A02F44012B2F5001F00F0D18008D8F3
:104A1000002A39D0B2F5801F3CD00022744B1A60B6
:104A2000F0BDB2F5401FF8D1D3F8C42002F04052D7
:104A3000B2F1805F36D0B2F1005F44D0002A52D18B
:104A4000D3F8802012F0006402F0E04140F0B98019
:104A5000D3F88400D3F88830C2F30B2520F07F40D0
:104A60000C46B4F1005FC3F3C266C2F30551C3F351
:104A7000026300F0948000F29D80002C47D0B4F1D6
:104A8000805F7CD0002249E09B6C5A4AC3F3C1137B
:104A9000DA40C3E75B6C584A13F4007F574B08BFFA
:104AA0001A46BBE7D3F8902012F0006402F0E04110
:104AB00040F08780D3F89400C2F30B25D3F89830E8
:104AC00020F07F40CCE7D3F8A02012F0006402F081
:104AD000E04176D1D3F8A400C2F30B25D3F8A83077
:104AE00020F07F40BCE7D3F8B02012F0006402F061
:104AF000E04166D1D3F8B400C2F30B25D3F8B83047
:104B000020F07F40ACE70B460E4608460D46374A7C
:104B1000976C384AC7F3C117FA403CBB07EE100A3E
:104B2000B8EEC76A07EE105A07EE902ADFED346A36
:104B3000B8EEC77AF8EEE77AA6EE267A67EE877ABD
:104B400007EE101AB8EEC77AC7EE876A07EE906ACA
:104B5000B8EEE77A07EE903AF8EEE77A27EE277A92
:104B6000C6EE877AFCEEE77A17EE902A1F4BD3F851
:104B7000C430C3F307430133B2FBF3F24EE7002422
:104B80001A4A1E4F526C12F4007F1B4A08BF3A4665
:104B9000C3E700231E4618461D461946F0E70024C9
:104BA000184ABAE700231E4618461D461946F7E77D
:104BB000144A33E7B4F1405F7FF464AF0024124A33
:104BC000ABE7B1F1005FEDD006D800299BD0B1F181
:104BD000805FDED00022C9E7B1F1405FFAD1002347
:104BE0001E4618461D461946E9E700BF00800256DA
:104BF0000C0000340090D0030024F40000093D00B4
:104C000000008033006CDC020080BB006DED81CFC2
:104C100000B5FFF7F3FE054B5DF804EB18689FEC59
:104C2000100A9FE80E90FDEC81CF74470C00003411
:104C30000F4880F30A880F488546FFF793FE0E4819
:104C40000E490F4A002302E0D458C4500433C4185C
:104C50008C42F9D30B4A0C4C002301E01360043260
:104C6000A242FBD310F0A4F9FEF73EFBFEE70000E2
:104C700000F81F34000020340000003430010034FC
:104C800038B01170400100346C531434FEE700005A
:104C90004FF48072FF21014810F036B9E4900834D7
:104CA00010B5064B0132013A02D0B0F5807F00D139
:104CB00010BD1C5C013001F8014BF4E7E4900834AE
:104CC00010B5064B0132013A02D0B0F5807F00D119
:104CD00010BD11F8014B1C540130F4E7E490083486
:104CE00010B5E4B0002104464FF4C872684610F0D5
:104CF0000BF94FF080720023CDE900234FF00073D1
:104D0000469305F0C5FDB0FBF4F02190684604F031
:104D10003FF964B010BD0000054B1A8999881876D8
:104D200010B910460A46014659839A83704700BF5E
:104D3000E44914342DE9F347DFF8ACA098469AF81B
:104D4000183004460F46BDF8285053B9DAF8083039
:104D50003C46013B9BB2991A1B1A42468FB21FFA7E
:104D600083F84FF440331E4EA2EB04097360DAF867
:104D700004303046013BA3EB0903F36001F089FEE8
:104D800040F20312C5F34513534340F20F22DAF801
:104D90000400213300FB074005F01F045443ED0AD3
:104DA000554317349B09A409173544EA0324AD0978
:104DB000A8EB07080B4A08F1010344EA05440093F5
:104DC00002EB400244F07F41304609F1010301F05B
:104DD0009DFE3221304602B0BDE8F04701F0B0BE82
:104DE0009C8F0834E4910834E449143410B5074C1E
:104DF000237E23B9A368013B1B1A084699B2636856
:104E000003FB0100024B23F8102010BDE4491434C9
:104E1000E491083407B50021064A938B528B013B7D
:104E2000013A00909BB2084692B2FFF783FF03B0AD
:104E30005DF804FBE44914342DE9F04196B03422C6
:104E4000002109A810F060F81022002105A810F038
:104E50005BF86A46A24B03F10805144618685968C6
:104E6000083303C4AB422246F7D118689B88042755
:104E7000A38001234FF480654FF40076206004A9DD
:104E800098480693049703F0F3F8974804A904950B
:104E900003F0EEF804A99548049603F0E9F86420BD
:104EA00001F0DAFC3146914803F082FA2946804647
:104EB0008D4803F07DFA394604468A4803F078FAB3
:104EC000231E18BF0123041E18BF0124A40044EAB6
:104ED0004304049700230227B8F1000F18BF44F0E1
:104EE0000104CDE9057303230E27072C08BF062410
:104EF0007C4804A9CDE9073703F0BAF87A4804A939
:104F00000495089703F0B4F8784804A90496089724
:104F100003F0AEF844F2423216AB03EB440434F82B
:104F2000583C734C934223806DD14FF488734FF4F7
:104F3000F0704FF00115C4E901036E4BC4E903534F
:104F4000233B636100236C4DE1892B61A3892846D3
:104F50005A1E6A614A1EAA61228A1A44531EEB61D4
:104F6000638A0B44591E296261680A44511E6962B2
:104F7000A1680B44591EA962A18A01390A44EA6258
:104F8000E28A013A13442B6303F0B0FD284603F094
:104F900053FD44F242322388934240F085805748C3
:104FA000FFF79EFE0420FF210025A3686268CDE97B
:104FB0000D014FF480640521CDE90A25CDE91041AA
:104FC000CDE9125209A92A464B480C93149309952E
:104FD0000F95ADF854508DF8565003F0B9FD2A46A0
:104FE0004749454803F0EDFD2846FFF795FE4FF68B
:104FF000FF70FFF70FFF012208213A4803F0DEF9A6
:1050000016B0BDE8F08147F2840293420CD14FF410
:10501000F0734FF448724FF00111C4E90123394B8A
:10502000C4E90313384B8CE747F21602934209D1C7
:105030004FF41678354B6560C4E90283344B236125
:10504000344B7EE747F21802934206D14FF4A06E2C
:105050004FF44873C4E901E374E744F284329342A5
:105060000CD14FF4F0734FF44877DFF8C4C0C4E9B3
:105070000173294BC4E903C3284B62E741F21802CC
:1050800093427FF45FAF4FF448734FF4A065C4E9D7
:1050900001534FF00A13224EC4E90363A3F5E02342
:1050A00063614FF080534EE747F28402934201D18F
:1050B0001C4875E747F21602934201D11A486FE780
:1050C00047F2180293423FF46DAF44F284329342A8
:1050D000EED041F2180293427FF464AF13485FE7C9
:1050E000F05E1170000002560004025600180256CD
:1050F000E4491434280008006C8D083440548900B9
:10510000E49108342E001700D200160014000300AA
:105110008C001400A0000C00300020000D000300E3
:105120008C000A0055A0FC01005A620240A5AE02A4
:10513000580028002DE9F04F1546A5EB000885B072
:10514000B8F1000F04468B46BDF83820A3EB0109E7
:105150001EDC1FD0A0EB05084FF0FF300190B9F125
:10516000000F1ADC1BD0A1EB03094FF0FF33002521
:10517000C845C246B8BFCA462F462E460AF10101AD
:1051800002910298A9B281420BDD05B0BDE8F08F13
:105190000120E3E7CDF80480E1E70123E7E74B4690
:1051A000E5E71FFA8BF1A0B20393FFF71FFE464419
:1051B000B245B8BF01994F44039BBCBFA6EB0A069A
:1051C0006418BA45BCBFA7EB0A079B440135D8E772
:1051D0002DE9F3411C4606460D461746BDF82080D2
:1051E0000B46CDF80080FFF7A5FF2346324629463F
:1051F0003046CDF80080FFF79DFF23463A46214612
:105200003046CDF80080FFF795FF23463A46294601
:105210003846CDF8208002B0BDE8F041FFF78ABFE4
:105220002DE9F04F164681468A461A464FF000088F
:10523000740085B0C4F10304B5B219FA88F39BB2C7
:10524000AAEB05011FFA88F7184689B2009103936B
:10525000FFF7CCFDAAEB07018BB205EB09000AEBC7
:10526000070B194680B21FFA8BFB01930290FFF7E0
:10527000BDFD59460298FFF7B9FD039B05EB0A01F6
:10528000A9EB0707184689B2BFB2A9EB0505029141
:10529000ADB2FFF7ABFD38460299FFF7A7FD5946BF
:1052A0002846FFF7A3FD38460099FFF79FFD2846E3
:1052B0000199FFF79BFD08F10108002CA9BFA8EB9D
:1052C000060304EB880404EB830306F1FF36B4BF46
:1052D000063403F10A044645AEDA05B0BDE8F08FA6
:1052E0002DE9F04F1E4616F0070518BF012585B0C1
:1052F0009DF8383005EBD6050293BDF83C30A2F19D
:1053000020040393730815FB03F5182E83460F46FC
:10531000EDB2E4B244D006D80C2E0AD0102E0ED036
:1053200005B0BDE8F08F202EFAD1244B03EBC41456
:1053300008E0234B04EB440403EB840402E0214B1C
:1053400003EB0414BA466319DFF884900193019BC0
:105350009C42E5D00AF1080814F8015B1FFA88F8AE
:105360002B0621D5039A51465846FFF73FFDB9F861
:105370001C200AF101011FFA81FA6B005245DDB2CF
:10538000CED9AAEB0702964214D1B9F81A300BF124
:1053900001001FFA80FB5B45C2D9B846C246D6E77A
:1053A000094B04EBC404C7E7029B002BDFD1074B7A
:1053B0001A88D8E7C245D3D1F0E700BFA3661170C1
:1053C0006FA911707FA31170239611701000003423
:1053D000E44914342DE9F04F1E4604464FF0000B0B
:1053E00085B09DF838300F9F02440E44BDF84090C0
:1053F00095B2B6B24FEA5308013F5FFA80FA17F848
:10540000012FA2F120005E2802D905B0BDE8F08F7F
:10541000AC4222BFC91889B25446B142F5D22046E7
:10542000CDE900B94444CDE90213A4B2FFF758FF17
:10543000DDE90213E3E700000D4B0E4A1B6870B56F
:10544000B3FBF2F34FF0E024584300236569A169F0
:10545000A2699142FCD095BFAE1A5B189B199B1AAA
:1054600098BF5B18834200D370BD1146F0E700BFC0
:105470000C00003440420F000220FFF7DDBF0000A7
:1054800010B50F4C01222046102102F097FF204654
:1054900001224FF4804102F091FFFFF7EDFF20461B
:1054A0000022102102F08AFFFFF7E6FF20460022CB
:1054B0004FF4804102F082FFBDE81040FFF7DCBFEF
:1054C000000C025610B50C4C00222046102102F0B0
:1054D00075FFFFF7D1FF204601224FF4804102F013
:1054E0006DFFFFF7C9FF20460122102102F066FF81
:1054F000BDE81040FFF7C0BF000C0256082210B5EF
:10550000134B88B0C3F85C2AD3F85C12114C02919B
:105510000299C3F85C2AD3F85C324FF480420193BD
:10552000019B0123CDE9032305930323204603A90F
:10553000069302F09DFD112310212046CDE90313AF
:1055400003A902F095FDFFF7BDFF08B010BD00BF35
:1055500000800256000C025670B50122102114483A
:1055600002F02CFFFFF788FF01224FF48041104822
:1055700002F024FFFB25FFF77FFF0D4E1021304680
:1055800002F016FF044630B1013D15F0FF050CD1C5
:10559000FFF798FF012400224FF48041044802F0F5
:1055A0000DFFFFF769FF204670BDFFF765FFE5E7D8
:1055B000000C025610B5104C00222046102102F0BB
:1055C000FDFEFFF759FF204601224FF4804102F013
:1055D000F5FEFFF751FF204600224FF4804102F014
:1055E000EDFEFFF749FF20460122102102F0E6FE02
:1055F000BDE81040FFF740BF000C025610B50D4C3F
:1056000001222046102102F0D9FEFFF735FF204687
:1056100001224FF4804102F0D1FEFFF72DFF20461A
:1056200000224FF4804102F0C9FEBDE81040FFF7B0
:1056300023BF00BF000C025670B504460825134E68
:1056400023064CBF012200221021304602F0B6FE94
:10565000FFF712FF01224FF480410C4802F0AEFE2A
:10566000013DFFF709FF00224FF48041074802F097
:10567000A5FE640015F0FF05E4B2E1D1BDE870407D
:1056800001221021014802F099BE00BF000C025611
:10569000F8B5064608250024144F01224FF4804136
:1056A000384602F08BFEFFF7E7FE1021384602F085
:1056B0007FFE6400E4B2631C0028DBB24FF00002FE
:1056C0004FF48041384605F1FF3518BF1C4602F003
:1056D00075FEFFF7D1FE15F0FF05DED11EB9FFF70D
:1056E0008DFF2046F8BDFFF765FFFAE7000C025674
:1056F00070B505460C461646FFF7C2FE7020FFF750
:105700009BFFFFF729FFE8B2FFF796FFFFF724FFA3
:105710002644B44201D1002508E014F8010BFFF73C
:105720008BFFFFF719FF05460028F2D0FFF7CAFEEE
:10573000284670BDF8B5044615460E46FFF7A0FE94
:105740007020FFF779FFFFF707FFE0B2FFF774FF64
:10575000FFF702FFFFF794FE7120FFF76DFF0024B3
:10576000FFF7FAFE6F1EAC4203D1BDE8F840FFF729
:10577000A9BE381B18BF0120FFF78AFF305501343E
:10578000F1E700002DE9F0410824022701254FF43C
:1057900080664FF00308344B88B0C3F85C4AD3F8F6
:1057A0005C2232480292029AC3F85C7AD3F85C32E7
:1057B00003A90193019BCDE903650595CDF81880F8
:1057C00002F056FC03940024294803A9CDE90445BE
:1057D000CDF8188002F04CFCFFF790FE22463146CF
:1057E000224802F0EBFD142001F036F82A4631463B
:1057F0001E4802F0E3FD322001F02EF82A466946E9
:1058000020468DF80040FFF773FF2A466946A42022
:10581000FFF76EFF16232A46694680208DF8003078
:10582000FFF766FF0C232A46694688208DF8003072
:10583000FFF75EFF3A466946A120FFF77BFF9DF820
:1058400000209DF80130302A02D14345204606D081
:10585000591E012906D91A4314BF0120002008B09F
:10586000BDE8F0810020FAE700800256000C0256E5
:10587000000402562DE9F3410A214A4C0020237806
:105880008DF803000133DBB2B3FBF1F201FB1232FE
:10589000D2B223700AB1092B59D8012202200DF18E
:1058A0000301FFF747FF9DF8033003F00F035A1E73
:1058B000042A6ED84FF6FF729A403B4B3B4E63EA88
:1058C00002030420B386002700F0C6FFDFF8E4805F
:1058D00006F10C05B38E3B41DA0725D5042238F8D2
:1058E00017000DEB0201FFF725FF96F844309DF8F5
:1058F000041013F0010F9DF805C09DF806309DF8C7
:10590000070035D00A0202F4706294441A0202F4CD
:1059100070620244A5F814C02A8001F0F003802BC5
:105920001EBF0023AB822B800137052F05F1020536
:10593000D0D1B389328C13439BB20BB98DF80330AD
:105940000023012023709DF80330DB0608D1174A9D
:10595000B2F93410938E00291DDAC3F30E03938637
:105960002378F02B84BF0A23237002B0BDE8F081B6
:105970000F4A1B02528B03F47063A2EB0C024FEA36
:10598000012C0CF4706CA2EB0C0218442A80A88243
:10599000C3E70020D7E74FF6FF7103F4604391811E
:1059A0001184DCE7044A143400C0FFFF18000034FF
:1059B000E4491434E4AD117070B505460C46164642
:1059C000FFF75EFD2820FFF737FEFFF7C5FD280A29
:1059D000FFF732FEFFF7C0FDE8B2FFF72DFEFFF73D
:1059E000BBFD2644B44201D1002508E014F8010BA8
:1059F000FFF722FEFFF7B0FD05460028F2D0FFF7C3
:105A000061FD284670BDF8B5044615460E46FFF701
:105A100037FD2820FFF710FEFFF79EFD200AFFF755
:105A20000BFEFFF799FDE0B2FFF706FEFFF794FDCE
:105A3000FFF726FD2920FFF7FFFD0024FFF78CFD6F
:105A40006F1EAC4203D1BDE8F840FFF73BBD381BE9
:105A500018BF0120FFF71CFE30550134F1E70000AC
:105A60002DE9F04108273F4B8AB0C3F85C7AD3F8A0
:105A70005C2201240292029A02224FF480680326DB
:105A80000025C3F85C2AD3F85C323748019305A996
:105A9000019BCDE905840794089602F0E9FA3348A2
:105AA00005A9CDE906540597089602F0E1FAFFF73B
:105AB00025FD2A4641462C4802F080FC0A2000F0D1
:105AC000CBFE22464146284802F078FC0A2000F02E
:105AD000C3FE05A92548CDE90575CDE9075602F0B5
:105AE000C7FA642000F0B8FE48F2401003A904226F
:105AF000FFF789FF1E4903A88DF81050FAF760FFE1
:105B000090B11C4903A8FAF75BFF68B11A4903A8D2
:105B1000FAF756FF40B1194903A8FAF751FF40B10F
:105B200020460AB0BDE8F081144903A8FAF748FFFF
:105B300010B90A22124B1A700223002403A9012271
:105B400048F240008DF80C30FFF736FF0A2000F0D5
:105B500083FE012203A948F240008DF80C40FFF7B4
:105B60002BFFDDE700800256000C025600040256AF
:105B7000EEAD1170F2AD1170F7AD1170FCAD11709A
:105B80001400003400232DE9F04F724E85B08DF8DB
:105B90000B3033788DF807000133DBB29A0733708E
:105BA00011D0032B0FD900209DF8073003F08F038D
:105BB000802B00F0BE803378F02B84BF0A23337033
:105BC00005B0BDE8F08F012248F24E100DF107013B
:105BD000FFF719FF9DF907309DF80780002B08F0AB
:105BE0000F040ADA5C4B1B78A34206D3012248F269
:105BF0004E100DF10B01FFF7DFFE04F0FF02002C49
:105C0000D1D0DFF8549199F800309A42CBD8534C58
:105C1000534FA18E00914FF6FF719140514A62EAB5
:105C20000102A189A28604EB43025181228C0F3329
:105C300024F813209DF80B5099F800309D4213D39F
:105C4000474AA089518B884203D8218C928B91427C
:105C500006D918F00E0F61D0E389A381638C2384E9
:105C60000023012033709FE7A38E2B41DB071ED555
:105C70003D4B042233F8150003A9FFF7C4FE44F29C
:105C80008433B7F800A09DF80E009A459DF80FC028
:105C900011D17A8B04EB4503013A111ABDF80CE0DF
:105CA000A1EB0C229A8105F1100324F813E00135D1
:105CB0008DF80B50BEE745F2105394F844E09A4536
:105CC0004FEA0C2281B2BDF80CC00EF0010E05F1B6
:105CD000040305F1100007D049F6060BDA4503D09E
:105CE00047F2967BDA450DD104EB4303BEF1000F7A
:105CF0000DD0B7F81AE024F810C0AEEB01018A1AF3
:105D00009A80D4E704EB4303BEF1000FF1D0A3F86F
:105D100004C0BDF80E3024F81030C8E7012004EBB1
:105D200043020F3334F8133052892384009BA2813D
:105D3000A3860A4AB2F93410938E002903DAC3F31A
:105D40000E03938637E74FF6FF7103F460439181AA
:105D50001184F6E7054A14341400003418000034A6
:105D6000E449143400C0FFFF02AE1170044B82B04E
:105D7000C3F85C0AD3F85C320193019B02B0704710
:105D8000008002562DE9FF4701AF8146BA464FF029
:105D90000008504E00224FF48041304602F00EFBC6
:105DA00000221021304602F009FB00224FF48061EE
:105DB000304602F003FB4C46082523064CBF012267
:105DC00000221021304602F0F9FA00224FF48041FF
:105DD000304602F0F3FA0120FFF72EFB013D0122CD
:105DE0004FF48041304602F0E9FA640015F0FF05F7
:105DF000E4B2E2D10620FFF71FFB2A464FF48041B0
:105E0000304602F0DBFA0120FFF716FB01224FF4C7
:105E10008041304602F0D2FA0120FFF70DFB2A46FE
:105E20004FF48041304602F0C9FA102400224FF4AA
:105E30008041304602F0C2FA0120FFF7FDFA01224C
:105E40004FF48041304602F0B9FA4FF48071304689
:105E500002F0AEFA6D00ADB26B1C9BB2002818BF09
:105E60001D46631E13F0FF04E0D108F10108012272
:105E70004FF4806130461FFA88F802F09FFA2D092E
:105E8000B8F1050F2AF8025B84D123463946013365
:105E90009BB2C3F1040292B20132388831F8024F4A
:105EA000A04284BF3C800880013AF6D1042B07F160
:105EB0000207EBD10320BDF80820BDF806301344DB
:105EC000BDF80A2012FA83F39BB2B3FBF0F004B0E2
:105ED000BDE8F087000C025670B50B4B064693F8F0
:105EE00044300D46DB0709D59020FFF74BFF0446F1
:105EF000D020FFF747FF3480288070BDD020FFF707
:105F000041FF04469020F4E7180000342DE9F743E0
:105F1000154604460E4600F10D020C380B4600955E
:105F200092B280B2FFF706F904F1010906F10D0300
:105F3000A6F10C0106F101089BB2224620461FFA89
:105F400089F91FFA88F8009589B2FFF7F3F8671E00
:105F50002A4641464846FEF749FFBFB2414606F190
:105F6000FF382A4638461FFA88F8FEF73FFF2A46D0
:105F700041464846FEF73AFF2A4641463846FEF774
:105F800035FF2B4606223146204603B0BDE8F043DC
:105F9000FFF746B913B568460DF10201FFF79CFF04
:105FA00001A80DF10601FFF797FFBDF80400BDF849
:105FB0000020904205D800F13103934205DA904267
:105FC0001DD102F13103834219DBBDF80610BDF883
:105FD0000230994205D801F131049C4205DA994218
:105FE0000DD103F131048C4209DB02440120054C40
:105FF0000B4452105B10A281238402B010BD00201C
:10600000FBE700BF1800003438B5082105463048CA
:1060100002F0CEF92F4C002849D175B1FFF7BAFF35
:10602000B4F93430002B06DB4FF44043A386A38938
:10603000E383238C6386002038BDFFF7ABFF002885
:10604000EED0A389B4F84020D4ED0E6A9B1A1BB29F
:1060500007EE903AF8EEE77A1F4A87EEA67A538B5E
:10606000B4F842105B0807EE903AF8EEE77A77EE64
:10607000277AFCEEE77A17EE903AA381238CD4EDD1
:106080000F6A5B1A1BB207EE903AF8EEE77A938B31
:1060900087EEA67A5B0807EE903AF8EEE77A77EE9D
:1060A000277AFCEEE77A17EE903A2384B8E7B4F942
:1060B0003420A38E002AA1BF0023E38363864FF61A
:1060C000FF73B9BFC3F30E03A386A3812384B2E792
:1060D0000004025618000034E449143407B50C22B9
:1060E00028200749FEF7ECFD0A230122342001A9EC
:1060F0008DF80430FEF7E4FD03B05DF804FB00BF4B
:106100005000003407B50C2228200849FEF7C8FDCE
:106110000122342001A9FEF7C3FD9DF80400A0F17F
:106120000A035842584103B05DF804FB50000034A4
:106130002DE9F04F2DED088B4FF6FF708FB0FEF775
:1061400069FEC14B4FF4784428210193102308467F
:10615000A022029400936423FFF73CF92246002416
:10616000142126469FEDB4AB9FEDB5BBB74D084655
:10617000FFF7CCFEAC866B6801209847AB8E23F40A
:106180007F5222F03F02B2F5804F35D123F4804395
:10619000AA89AB860EAB03EB860323F8282C0136C5
:1061A0002A8CF6B223F8262C731E042B23D8DFE8A2
:1061B00003F003113344500014214FF6FF720846D8
:1061C000FFF7A4FE4FF478421421A14B588B1438EA
:1061D00080B20EE09E4C4FF6FF72608B1421143893
:1061E00080B2FFF793FE4FF478421420A18B14394C
:1061F00089B2FFF78BFE00240A2000F02DFB40F24D
:10620000E9330134A4B29C42B5D10FB0BDEC088B88
:10621000BDE8F04FFFF776BF8D4C4FF6FF72A18BB4
:106220001420143989B2FFF771FEA18B608B1439E9
:106230004FF47842143889B2CAE74FF6FF70FEF780
:10624000E9FD834B4FF47842998B588B49084008FD
:10625000CFE7BDF81030BDF81420BDF81C00D21AED
:1062600012B207EE902ABDF81830B8EEE76BC01AEC
:1062700000B207EE900AB8EEE77BBDF81610BDF845
:106280001E3086EE079B5B1A1BB207EE903ABDF8F4
:106290001240BDF81A10B8EEE76B091B09B207EE01
:1062A000901AB5EEC09BB8EEE77BF1EE10FA86EEE1
:1062B000078B48BFB1EE499BB5EEC08BF1EE10FAEB
:1062C000B4EECA9B48BFB1EE488BF1EE10FA604CB9
:1062D00037D4B4EECB9BF1EE10FA32DCB4EECA8BBD
:1062E000F1EE10FA2DD4B4EECB8BF1EE10FA28DCDF
:1062F00082EAE27CACEBE27C1FFA8CFCBCF5805FAE
:106300001FD283EAE377A7EBE377BFB2B7F5805FED
:1063100017D240F6FE7E80EAE076A6EBE076013EFC
:10632000B6B276450DD881EAE176A6EBE176013E7C
:10633000B6B2764505D8BCF1000F02D0002F40F070
:106340009180A18B608B4FF6FF7249084008FFF7E0
:10635000DDFD14214FF478420846FFF7D7FDA02752
:106360004FF001090DF1100B09AE4FF4784A4FF0D0
:1063700010084A46BBF80030364930460EF0B2FCF1
:10638000CDE9016ACDF8008039462820A38B628BC5
:10639000FFF720F84A46BBF802302F4930460EF08E
:1063A000A1FCCDE9016ACDF8008039467820A38BA5
:1063B000628B09F10109FFF70DF81437B9F1060FE7
:1063C0000BF1040BBFB2D0D14FF6FF730027628BE5
:1063D0004FF48271013A2820009392B24346FEF7AF
:1063E000A9FC53EC192B30461C490EF07BFCCDE97F
:1063F000016ACDF80080A38B628B4FF48271282054
:106400008DF82B70FEF7E6FF53EC182B304614493D
:106410000EF068FCCDE9016ACDF80080A38B628B99
:106420004FF4827178208DF82B703C46FEF7D2FF36
:106430003E46A0E6AFF30080666666666666EE3F9F
:10644000CDCCCCCCCCCCF03F16AE117018000034C3
:10645000E44914348FAE117096AE11709DAE117078
:10646000A6AE1170024407EE902A628BB8EEE77A6E
:10647000283A520007EE902AF8EEE77A0B44C7EE6E
:10648000276A07EE903AA38BB8EEE77A283B5B00C9
:1064900007EE903AF8EEE77AC5ED0E6AC7EE276A86
:1064A000089B4FF6FF70C5ED0F6A2B64FEF7B2FC38
:1064B0001F2302930C4B6E21019310230093A38B97
:1064C000628B2320FEF786FF4FF47A7000F0C4F948
:1064D000FFF704FE4FF6FF700FB0BDEC088BBDE870
:1064E000F04FFEF797BC00BFAFAE117030B5484D0E
:1064F000484C2B7E2A8803F0010384F8443047F28D
:1065000096739A4287B00DD1FFF7AAFA50B9424B61
:10651000636094F8443063F07F0384F844300020D3
:1065200007B030BD45F210522B8893420FD049F688
:10653000060293420BD044F24232934207D044F217
:106540008432934203D041F21802934202D1FFF702
:1065500087FADCE741F66312934207D047F28402E0
:10656000934203D047F21602934205D1FFF70AF98E
:106570000028ECD1294BCBE70220FFF7F7FB0820DE
:10658000FFF7F4FB0124FFF7F1FB0325FFF7EEFB18
:10659000FFF7ECFB0023019001A92148CDE902346B
:1065A000049501F065FD4FF480731E4801A9019325
:1065B00001F05EFD10231B4801A9CDE90134CDE9AE
:1065C000034501F055FD4FF48043164801A901939E
:1065D00001F04EFD4FF48063124801A9019301F0D0
:1065E00047FD1149A1F11400FFF776FCFEF750FBBF
:1065F000FFF788FD002892D14FF6FF70FEF70AFCE6
:10660000FFF796FDFFF76AFDFFF77CFD204687E761
:10661000E449143418000034855B1070755810700C
:1066200000040256000C02563800003408B5074B2F
:10663000022218680023806819460EF06BFABDE844
:10664000084001220249034806F02CBFE000003454
:10665000D04A1434D88C08340268184B10B49A42CB
:1066600028D1174AB2F900101388002907DB154911
:10667000580409780FD50A2908D000231380012275
:10668000104911485DF8044B06F00CBF6FEA434314
:106690006FEA5343F2E70D2902D143F48043EDE75B
:1066A000C3F30D0001339BB2084CC72B2154138058
:1066B000E3D8E4E75DF8044B704700BF00100052D8
:1066C000064A1434D04A1434D88C0834084A143496
:1066D00007B54FF6FF730190012201A9034806F0A8
:1066E00076FD019803B05DF804FB00BFD88C083438
:1066F00010B5094C00222021204601F05FFE322017
:1067000000F0AAF820460122202101F057FEBDE842
:106710001040024801F04EBA00140256688E083448
:1067200007B500210122264801AB01F0EDF8014632
:1067300018B1002003B05DF804FB0122204801AB32
:1067400001F0E2F802460028F3D1019B5B0733D544
:10675000014601AB1A4801F0D7F801460028E8D1FC
:10676000019BD80411D403F40552B2F5045F01D1A2
:106770000220DFE703F40152B2F5005F01D10320EC
:10678000D8E7D90516D40520D4E711220C4801AB6F
:1067900001F0BAF80028CCD1019B1A050ED503F4FC
:1067A0006043B3F5C04FE3D0B3F5804FE7D0B3F506
:1067B000005FE8D10420BDE70120BBE70620B9E770
:1067C000688E083438B50F4B05461A780AB901208F
:1067D00038BD4FF47A73B3FBF2F30B4A1068B0FB89
:1067E000F3F000F09FF804460028F0D10F2DEED80A
:1067F000024629464FF0FF3000F052F8034B204686
:106800001D60E5E7600000340C00003464000034D3
:1068100010B5032000F032F8FEF7F0F80F20FFF774
:10682000D1FF044618B9FDF7F7FD204610BD01243D
:10683000FBE70000034A044B11681B780B4413600C
:10684000704700BFD44A143460000034014B18680C
:10685000704700BFD44A143438B50446FFF7F6FF3A
:106860000546631C1EBF044B1B78E418FFF7EEFFC0
:10687000431BA342FAD338BD60000034074903022A
:10688000CA6803F4E06322F4E0621204120C1343BA
:1068900043F0BF6343F40033CB60704700ED00E08A
:1068A00070B5184CE368C3F30223C3F10705042D48
:1068B00003F1040628BF0425062E4FF0FF36A3F18E
:1068C000030398BF002306FA05F521EA05019E405F
:1068D000002801FA03F122EA0602B8BF00F00F0017
:1068E00041EA0203A8BF00F160404FEA0313B8BFBA
:1068F0000438DBB2ABBF00F56140241880F80033E8
:10690000237670BD00ED00E0002807DB012341097C
:10691000034A00F01F00834042F82130704700BF57
:1069200000E100E00138B0F1807F0BD24FF0E023AE
:10693000F021054A586182F823100020072298614F
:106940001A6170470120704700ED00E038B5044639
:10695000FFF77CFF054644B194F85430022B06D073
:106960002023A365002384F84C30012038BD226821
:10697000536943F004035361052384F854302368BA
:106980001A69900419D55A69216D42F002025A61C0
:10699000042284F854204FF4FE42DA6001220906F2
:1069A00048BF616F84F854204FF0000042BF0A7363
:1069B00000229A6484F84C00D8E7FFF747FF401B99
:1069C0000528DCD9A36D43F01003A365032384F8E5
:1069D0005430236D1D06C5D50122636F1A73C1E7BC
:1069E00028B190F85430022B03D020238365012076
:1069F00070470423026880F854305369002043F440
:106A0000005343F0040353617047F0B50468059DDB
:106A1000666C45EA0345436806F040463543B3F5E6
:106A2000403F6564E2632ED1806818B1012803D12C
:106A300021F07F41A163F0BD022801F47F0301F43E
:106A40007F45CEB207D1DB0CAD0ADB0243EA45132A
:106A500043EAD601EEE7DA0CEF0A92021B0D42EA96
:106A600047122D0B1B02CF0F42EAD60243EA051351
:106A700042EAC73243EA1613090F032843EA0131F9
:106A800008BF1146D6E7B3F5802F0CBF6161E16006
:106A9000D1E710B50446002836D090F8613003F0F5
:106AA000FF021BB980F86020FDF7C0FC022384F8C8
:106AB00061302368E0691968626821F4E0210243CB
:106AC00021F040010A431A60596BA069A26821F4C1
:106AD0008371024321F001010A435A631A6CE16891
:106AE000120C12040A431A64596BD4E904025205C9
:106AF00042EA005221F440110A435A630020012364
:106B0000606684F8613010BD0120FCE773B590F831
:106B100060500446012D4FF002050FD0012680F889
:106B20006150069D80F860600095FFF76EFF0020C1
:106B3000226813683343136002B070BD2846FBE738
:106B4000002373B50193036804461B680D46DB07F9
:106B500018D42268D369526A13439E0606D5FFF7FC
:106B600075FE064623685A68D2063FD5122223686E
:106B700000209A60012384F86130002384F860309B
:106B800002B070BDFFF762FE064623685A6892079E
:106B9000DFD45A680192019A12F0210F14D0019AA1
:106BA000950642BF626E42F002026266019AD00709
:106BB00042BF626E42F00102626621229A600423A3
:106BC000012084F86130D8E7691CDFD0FFF73EFE72
:106BD000801BA84201D8002DD7D1636E032043F05B
:106BE00020036366032384F86130C6E75A68019284
:106BF000019A12F0290F16D0019A160742BF626E51
:106C000042F004026266019A950642BF626E42F04B
:106C100002026266019AD00742BF626E42F0010230
:106C200062662922CAE7691C9DD0FFF70FFE801B10
:106C3000A842D2D8002D95D1CFE70000F0B590F84A
:106C400060300246012B4FF0020033D01C24012398
:106C500004FB012482F8603082F86100A36BD4E960
:106C60000B601B05676B43EA0043E06B334343EA69
:106C70004053A6F1090507F07F401843012D43EA70
:106C8000076398BF03461068A9B9446A1749012DE4
:106C900001EA040141EA0301936A4162836103D876
:106CA000536B23F07F4383620123002082F861301D
:106CB00082F86000F0BD0B2E03BF246C0C4E43EA3B
:106CC00084430C4EC469012D24EA060443EA0403FC
:106CD000C3614FF01C0303FB01218B6A03619EBF5C
:106CE0004B6B23F07F430362DEE700BFF0FFCC0075
:106CF0000F003FFF0F0033FF02688B68086810B574
:106D0000034348691468034388690343486A03439B
:106D1000C86A03434A4820400343087943EAC063F2
:106D2000087B43EAC053487B43EA8053887B43EAAD
:106D30004053C87B43EA005391F8570043EA80432D
:106D4000887C43EA0043C87C43EAC033087F43EAB7
:106D50000033487F43EAC023C87F43EA402391F8C9
:106D6000280043EA0013087CB0FA80F0400943EAA7
:106D7000C043487CB0FA80F0400943EA4043887F32
:106D8000B0FA80F0400943EA802391F82000B0FA7D
:106D900080F0400943EA002313605368C86B23F076
:106DA000FE4323F4E72323F4FF6323F0070343EABE
:106DB0004063486B034391F8380043EA006391F85D
:106DC000300043EA804391F8310043EA404391F8B0
:106DD0003200B0FA80F0400943EA00435360D368C0
:106DE000486C23F4877323F00103034391F84000B8
:106DF00043EA0023D360136F886C23F0F3031B0472
:106E00001B0C43EA0043086D034391F8540043EA26
:106E1000400391F84C00B0FA80F0400943EAC013F7
:106E20001367D2F8900091F8563020F0030091F8E3
:106E30005510034343EA4103C2F8903010BD00BF30
:106E4000830004002DE9F04304682C4B04F58052C4
:106E50001068DFF8B0E00340886BDFF8ACC0034394
:106E600091F85000DFF8A49043EAC0231360D1E901
:106E700010300343886C55680343C86C03432048B3
:106E80002840034391F83C0041F2081543EA0033DF
:106E90005360002204EBC21000F58058D8F800714E
:106EA000CB688E6907EA0E0733433B430F781C31EA
:106EB00043EA0743C8F80031D8F8043151F8187C88
:106EC00003EA0C033B4311F8147C43EA071311F85F
:106ED000137C43EA0733C8F80431475951F8083C9A
:106EE00007EA09073B4311F80C7C43EAC773435197
:106EF0000AB1BDE8F0830122CCE700BFE2F6FCFF57
:106F000000CBFC3C00C0E2FFEFEFC0FFFFFFC07F03
:106F100030232DE9F04F0E6885B003FB060B0C23E0
:106F200003FB06F9DBF83050039205EB090300EB95
:106F3000830CDCF82030CF68DA68002A6FDBDCF8DD
:106F40003420002A6BD14C68620734D5DA684FEAE6
:106F5000124E8A6A4FEA0E4E4EEA0202DA60DA6890
:106F6000D0F800E042F48032DA60DEF8602042F4CB
:106F70008012CEF8602022071DD59A681FFA82F889
:106F80000A6B48EA02429A60DA6842F40032DA6038
:106F9000DA6822F440284A6B48EA0202DA60DEF836
:106FA000642042F48012CEF86420DEF8502042F0D3
:106FB0008062CEF85020E2060CD59A6822F47F5EFB
:106FC000CA692EF03F0E4EEA02029A60DA6842F079
:106FD0008062DA6014F01402029224D0DA6842F07F
:106FE0008042DA60BFF35F8FDA6842F00042DA6015
:106FF0006A1CEB1E032A88BF1A460C2303FB0623D8
:10700000083350F82330DC68002C80F28F80DCF8E5
:107010002020BFF35F8FD36823F00043D3600220AA
:1070200005B0BDE8F08F2A463C681C609C6824F4DB
:107030007F5E7C682EF03F0E4EEA04049C60BC68C4
:10704000DFF848E2002C74D027685F609F6807EA89
:107050000E08676848EA07479F60D1F804E0DF68D8
:107060001EF0100F6CD027F4F0084F6A48EAC747AB
:10707000DF60DF684FEA97480F6A4FEA884848EABE
:107080000707DF60DF6847F48027DF601EF0040F2A
:1070900006D09F6827F4404ECF6A4EEA07079F60EC
:1070A000DF6847F00057DF60DF6827F08047DF6068
:1070B000BFF35F8FDF6847F00047DF604F68BF07AF
:1070C00006D5DF6827F0607E0F694EEA0707DF60AC
:1070D0004FF0000EDFF8B481D4F808A0BAF1000F29
:1070E0004AD10399002900F0CD80996841F0004110
:1070F0009960D96841F08051D9600C23302103FB9D
:10710000062300EB830301FB0600416C5963CBF8B7
:107110003020EFF31082012383F31088836C013356
:107120007344836482F31088002079E70124029479
:107130007AE75C609C6804EA0E049C603C468CE73D
:1071400027F4FF488F6828F07F0848EA07071EF0F9
:10715000010FDF6006D0DF6827F440388F6948EA06
:107160000707DF601EF0200F90D0DF6827F040682F
:107170004F6948EA070788E7DC6824F08054DC6040
:10718000531C032BA2F1030288BF134603EB090231
:1071900000EB82020193136ADC6824F00054DC6087
:1071A000DC68002C1BDA0C24029B74437344DCF86B
:1071B00020100233013B3FF432AFBFF35F8FCA6848
:1071C00022F00042CA606A1C032AA5F1030588BFA9
:1071D0002A46A1180831154650F82110EAE7526BEB
:1071E000002AE0D1DAF800201A609C68DAF804205E
:1071F00024F47F5424F03F0414439C60DAF80840E0
:1072000044B322685A609A6802EA080A62684AEA45
:1072100002429A60D1F804A0DA681AF0100F20D068
:107220004FEA924A0A6A4FEA8A4A4AEA0202DA6056
:10723000DA6842F48022DA600EF1010EBFF35F8F4C
:10724000DA6842F00042DA60DA6822F08042DA60FE
:10725000019A41E75C609A68544602EA08029A6023
:10726000D8E78F6822F4FF4222F07F023A431AF0F7
:10727000010FDA60E0D0DA6822F4403A8A694AEA1B
:107280000202D8E7996821F0004131E7FFFF00C012
:107290002DE9F3474FF03C0900230446D0F8206164
:1072A000019309FB0609D9F8A050C6EB06132B443D
:1072B000203350F82370D9F8A4804FEA061AB8F1A9
:1072C000000F06D03B6913BB01A806F005FC019B2B
:1072D000E3B93C2303FB0643D3F8A420424512D074
:1072E000BFF35F8F226804EB860461691824E81CF1
:1072F00000F0030004FB001141F2281002EBC6125B
:107300001150C3E9285802B0BDE8F0873B613B60EB
:10731000D9F8903093B14FF04143FB606B1C032BC5
:10732000A5F1030588BF2B46AAEB06021A442032BA
:107330001D4654F8227008F1FF38C0E74FF00143B2
:10734000EBE72DE9F843D0F8F8300446102B4CD188
:107350002023064600254FF001094FF0040841F2B2
:107360003417C0F8F830C4F820512046C6F8909081
:10737000C6F8A480FFF78CFF41F2081022683C3663
:1073800002EBC513D95941F4504141F0C101D95123
:10739000195841F00101195003F58B50016803F5AC
:1073A000805341F48171016002EB8510D0F8001D1B
:1073B00041F00101C0F8001DD3F8041141F00101B2
:1073C000C3F804117DB10020C4F82001136843F014
:1073D00002031360136843F0010313604023C4F8F1
:1073E000F830BDE8F8830125BDE70120F9E7D0F8C2
:1073F000F830402B36D12023C0F8F830036803F56D
:107400008052D2F8041121F00101C2F80411D2F81F
:10741000081121F00101C2F80811D3F8001D41F054
:107420000101C3F8001DD2F8841121F00101C2F856
:107430008411D2F8881121F00101C2F88811D3F823
:10744000402D42F00102C3F8402D1A6822F00102DB
:107450001A601A6822F002021A601023C0F8F8308D
:10746000002070470120704770B5044639B9D0F844
:10747000FC3043F00103C4F8FC30012070BDD0F8AB
:10748000F820402AF9D130250E688B6B05FB0605E4
:1074900001226B64FFF73CFD20B1D4F8FC3043F0CF
:1074A0000203E8E72A6B531C032BA2F1030288BFF7
:1074B00013462B63BFF34F8F0C212A6B236801FB0C
:1074C0000622083254F8222003EBC61303F5895331
:1074D0001A60D3E72DE9F04F85B00446D0F820615B
:1074E000009149B9D0F8FC3043F00103C0F8FC30FA
:1074F000012005B0BDE8F08FD0F8F830402BF7D16F
:107500004FF0000B3C21D94671434518D5F89480C3
:10751000C6EB06134344203350F82370D5F8A4304B
:1075200001F1B400C3F10403B8310293631820449D
:107530000193FB68002B05DB029B994502D0BBF150
:10754000000F1AD03C2505FB0642D2F8A4304B446C
:10755000C2F8A43013B12046FFF79AFE05FB06449B
:10756000C4F89480BBF1000FC2D00020D4F8B4302E
:10757000009A1360C4F8B400BBE7FB689A0003D418
:10758000D5F8B430002B44D0FB689B0044BF0023E7
:10759000C5E92633FB68C3F30E0AD5F89C30AAEB85
:1075A000030AFB68D90020D5FB68C5F8A8307B68C2
:1075B0005A0418D508F10102032AA8F1030388BF71
:1075C0001A46C6EB06131344203354F82320D3681D
:1075D0005B0008D53C2303FB064351681268C3F8DF
:1075E000B010C3F8AC204FF0010B1FFA8AF33A69D0
:1075F0000199039006F0ACFAD5F89830039801335E
:10760000C5F89830D5F89C305344C5F89C30002319
:107610003B6108F10103032BA8F1030888BF43462F
:10762000C6EB06121A442032984654F8227009F12B
:1076300001097EE72DE9F84F302305464FF0010A96
:10764000D0F81C8103FB080308F1020900EB89094B
:10765000D3E9127417B1BAF1000F02D10020BDE8CE
:10766000F88F0C2606FB084605EB8606706B013F7B
:1076700038B9631C032BA4F1030488BF23461C46BE
:10768000E8E71822D9F804304FF0000B02FB04336E
:10769000DB68002B0FDB06F011FA3022631C032B92
:1076A000A4F1030488BF234602FB0852C6F834B095
:1076B000C2E91273E3E72346DA46E0E77047704712
:1076C0007047704703682DE9F047D3F8B05003F5D1
:1076D0008053D3F860918B4A19F0400FD3F8E071D2
:1076E0000446D3F834A1D3F8B481D2F8906014D012
:1076F0001AF0400F11D048F24002C3F86021D0F8D0
:10770000183143F00103C0F8183106F037FAD4F805
:10771000183123F00103C4F818317A0618D518F08F
:10772000400F15D048F240022368204603F58053ED
:10773000C3F8E021D4F8183143F00203C4F818313B
:1077400006F01CFAD4F8183123F00203C4F81831FB
:1077500019F0010F18D01AF0010F15D048F20102EC
:107760002368204603F58053C3F86021D4F8143110
:1077700043F00103C4F8143106F016FAD4F81431BA
:1077800023F00103C4F81431FB0718D518F0010FDA
:1077900015D048F201022368204603F58053C3F850
:1077A000E021D4F8143143F00203C4F8143106F098
:1077B000FBF9D4F8143123F00203C4F8143119F49E
:1077C000804F24D01AF4804F21D0D4F8FC3019F423
:1077D000805F43F01003C4F8FC30236803F5805346
:1077E000D3F860217BD022F46F6222F00D02D20424
:1077F000D20CC4F80021D3F8342122F44042C3F85B
:107800003421E023C4F8F8302046FFF757FF78040E
:1078100024D518F4804F21D0D4F8FC3017F4805FC1
:1078200043F02003C4F8FC30236803F58053D3F8F9
:10783000E0215DD022F46F6222F00D02D204D20C5E
:10784000C4F80021D3F8B42122F44042C3F8B42193
:10785000E023C4F8F8302046FFF730FF15F4C04F9E
:1078600013D0D4F8FC30204643F08003C4F8FC3039
:107870002368D3F8B830C4F80431E023C4F8F830F2
:10788000FFF71CFF0023C4F80431E9060CD5236878
:107890002046D3F8C03003F06003C4F80831FFF786
:1078A0000EFF0023C4F80831AA060CD52368204631
:1078B000D3F8D03003F00F03C4F80C31FFF700FF0A
:1078C0000023C4F80C31330307D54FF400220D4BCD
:1078D0002046C3F89020FFF7F4FEBDE8F08702F4DD
:1078E000CD42C4F800214FF4CD42C3F860218BE7AC
:1078F00002F4CD42C4F800214FF4CD42C3F8E02198
:10790000A9E700BF0050025670B51E460368054641
:10791000D3F80002C00701D5012070BDD3F80042A2
:1079200024F0787444EA415121F4F81141EA02420A
:1079300042F00D02C3F80022FEF788FF04462A68D1
:10794000D2F8000210F0010004D1D2F804329BB248
:107950003360E2E7FEF77AFF001BB0F57A7FEED9DD
:10796000DAE7002900F0AC80036800201A6802F012
:107970000C02CA621A68C2F3001281F828201A6841
:1079800002F060024A621A6882F48072C2F3002236
:1079900081F820201A68C2F34022CA771A6882F45C
:1079A0008062C2F380228A771A68C2F3C0224A77C3
:1079B0001A68C2F300320A771A6802F400528A6128
:1079C0001A6802F480424A611A68C2F3C032CA746B
:1079D0001A68C2F300428A741A6882F40032C2F351
:1079E00040424A741A68C2F3804281F857201A68EC
:1079F00082F40022C2F3C0420A741A68C2F3005231
:107A0000CA731A68C2F340528A731A68C2F380526A
:107A10004A731A68C2F3C0520A731A6802F0E0622D
:107A20008A601A68C2F3C0620A711A6802F0E04202
:107A30000A605A68C2F30D024A635A6882F48032BF
:107A4000C2F3004281F832205A68C2F3404281F802
:107A500031205A68C2F3804281F830205A68C2F35C
:107A6000006281F838205A68C2F34462CA63DA6857
:107A7000C2F3002281F84020DA6802F00F024A6463
:107A80001A6FC2F3400281F854201A6F82F080020C
:107A9000C2F3C01281F84C201A6F02F070020A651E
:107AA0001A6F120C8A64D3F8902002F0010281F858
:107AB0005620D3F89030C3F3400381F85530704717
:107AC0000120704770B500295AD0056841F20816A8
:107AD00005F580535A68C2F3003281F83C205A6899
:107AE00002F001020A645A6802F440324A645A6899
:107AF00002F040728A641A6802F00C028A631A6803
:107B0000C2F3C02281F8502000225B6803F0FE031C
:107B1000CB6405EBC21083591C3103F47C1341F88C
:107B2000083C00F58053D3F80441C4F3001401F875
:107B3000144CD3F80441C4F3003401F8134CD3F8C7
:107B4000044104F47C1441F8184CD3F8004104F4C7
:107B5000E01441F8104CD3F80041C4F3004401F89C
:107B60001C4C8059C00F01F80C0CD3F80031C3F342
:107B70000D0341F8043C0AB1002070BD0122C8E7A2
:107B80000120FAE708B539B1D0F8F830102B03D14D
:107B9000FFF7B2F8002008BD0120FCE708B539B1B5
:107BA000D0F8F830102B03D1FFF74CF9002008BDB6
:107BB0000120FCE738B503680546D3F8004201F020
:107BC000BBF8174B24F47064984205D844F4007451
:107BD0002B68C3F8004238BD124B984202D244F4DD
:107BE0004074F5E7104B9842F2D9104B984202D8F6
:107BF00044F48074ECE70E4B984202D844F480645D
:107C0000E6E70C4B984202D844F4A064E0E70A4A45
:107C100044F4C063904244F4E06498BF1C46D7E744
:107C2000BF0E160200879303FFE0F5057FD1F00831
:107C30007FB2E60EFFA2E111FF64CD1D2DE9F04FEA
:107C40000446C1B0002800F03181D0F8F83023B9E3
:107C50002023C0F8F830FCF7F3FB227AAD4B002A62
:107C600040F00E81D3F84821C3F84821236803F57A
:107C700080531A6842F001021A60FEF7E7FD0546DC
:107C8000236803F580531F6817F0010740F0018156
:107C90002046FFF78FFF01F04FF89F4A2368B0FBA3
:107CA000F2F00138C3F8DC004822394603A80DF091
:107CB0002BF9542239462BA80DF026F940F2011376
:107CC000ADF8B6304FF4005330934FF4C36337939D
:107CD000237A0126032B4FF0405320462AA918BFD0
:107CE0008DF8BB602A938DF8AC608DF8B9608DF883
:107CF000DA608DF8C6608DF8C8608DF8B8608DF8D0
:107D0000F460FEF7F9FF4FF48073002520221393EF
:107D100060234FF002084FF4E021CDE90035CDE9B2
:107D20000D25082312924FF470022046CDE9041865
:107D3000CDE908186946CDE90635CDE90A820293F6
:107D40000F9310928DF85060ADF844608DF8465056
:107D5000ADF830608DF8325000F01AF94FF440322F
:107D60004FF040734FF48021CDE926234FF40013E8
:107D70004FF40672204618911F9115A91A93169375
:107D80001B9221931D9322928DF89060CDF8A080D4
:107D9000259623958DF8A4508DF864508DF8545095
:107DA000ADF85C508DF880508DF87050ADF878507B
:107DB000FFF748F84FF0040EE0684EF001E003468C
:107DC00004F11C021D605D609D60DD6042F8043FAF
:107DD00018330FF009C84FF0040E216900220B463A
:107DE0004EF001E0256304F14C051A605A609A6078
:107DF000DA6045F8043F18330FF009C8A4464FF085
:107E00000308002341F21C1A41F2281B5CF8105BA6
:107E1000226605F58052C2F82C8104F17C06C2F876
:107E20001401C2F82001C2F8AC81C2F89411C2F862
:107E3000A0114FF0040E5CF8041FB14608464EF046
:107E400001E00360C0E9043343608360C36049F824
:107E5000040F18300FF00BC841F2301E05EBC710AD
:107E6000C6E90633C6E90933736140F80E8040F86D
:107E70000A10483140F80B103C36DFB90127D8E72B
:107E8000032AD3F848210CBF42F4803242F4802206
:107E9000EAE6FEF7DBFC401BB0F5FA7F7FF6F0AEBA
:107EA0000423C4F8FC30E023C4F8F830012041B0CA
:107EB000BDE8F08FE16911F0030029D1D2F8083153
:107EC000164E334043EA4103C2F80831D2F88831F4
:107ED000334043EA4103C2F8883163689A88C5F8A1
:107EE00000231B68C5F80433D5F80C270C4B13434B
:107EF000C5F80C37D5F8103743F0426343F44043DC
:107F0000C5F810371023C4F8FC00C4F8F830CEE7E9
:107F10000123C6E70080025640420F0001C0FFFF68
:107F20006000020C41B30268144B90680340C868BB
:107F3000034308780343C87843EA4003087943EAD7
:107F40008003087A43EAC003487943EA0013C879FA
:107F500043EA0023887943EA4023887843EA802370
:107F60004878497A43EAC073481E4142414143EA96
:107F700041130020936070470120704700F8CE7FC6
:107F80003022D0F81C3102FB0300806C70470000E7
:107F90000368F0B5D1E90024D3F8000C224320F4A3
:107FA000597020F00200024391F85000CC6CB0FAF6
:107FB00080F0400942EA4002C3F8002CD3F8300CAC
:107FC0008A6B20F48070224320F001000243C3F842
:107FD000302C4C698A68D3F8000D22430C694D6A35
:107FE0002243214CDFF884C020400243C3F8002D17
:107FF0008A69D3F8400D2A430D6A20402A43024380
:10800000C3F8402DD3F8A0008A6ACC6B20F00F0093
:108010002243024300250846C3F8A02003EB85163F
:10802000426BC76AD6F8304D3A4304EA0C04224347
:1080300090F83140143042EA0412847F42EAC402CC
:10804000047FB4FA84F4640942EA8412C6F8302D3D
:1080500045B1D3F8502DC96922F004020A43C3F890
:10806000502DF0BD0125D9E780FFF0FF04380EFF49
:108070002DE9F04F00224FF00F0A734C0B6833FAD2
:1080800002F501D1BDE8F08F012505FA02F919EAE0
:10809000030300F0C18003274E684FEA420806F050
:1080A000030507FA08FE6F1E012F6FEA0E0ED1F8C6
:1080B00008C031D8876807EA0E0BCF6807FA08F7BF
:1080C00047EA0B078760476827EA0909C6F30017E4
:1080D000974047EA09074760C7680CFA08FC07EAB7
:1080E0000E074CEA0707022DC7601AD14FEAD20CDF
:1080F00000EB8C0C02F00709DCF820704FEA8909CC
:108100000AFA09FB27EA0B0B0F6907FA09F747EA96
:108110000B07CCF8207004E0032DDDD1BCF1010F7A
:10812000DAD1076805FA08F507EA0E073D4316F4A9
:10813000403F056070D022F0030707F1AC4707F518
:10814000143702F0030C3D6E4FEACC0C0AFA0CFE19
:1081500025EA0E0E3D4DA84260D005F58065A84287
:108160005ED005F58065A8425CD005F58065A84223
:108170005AD005F58065A84258D005F58065A8421B
:1081800056D005F58065A84254D005F58065A84213
:1081900052D005F5C055A84250D005F58065A842DB
:1081A0004ED005F58065A8424CD005F58065A84203
:1081B00014BF10250B2505FA0CF545EA0E053D66A2
:1081C000D4F8805016F4803F25EA030745EA0305FA
:1081D00008BF3D46C4F88050D4F8845016F4003FE0
:1081E00025EA030745EA030508BF3D46C4F8845065
:1081F000256816F4801F25EA030745EA030508BF32
:108200003D462560656816F4001F25EA030743EA2A
:10821000050308BF3B46636001322FE70025CAE72C
:108220000125C8E70225C6E70325C4E70425C2E700
:108230000525C0E70625BEE70725BCE70825BAE700
:108240000925B8E70A25B6E7005002560000025695
:108250002DE9F04F00224FF0010A4FF00F084FF0C8
:10826000030B514C31FA02F301D1BDE8F08F0AFA49
:1082700002FC1CEA01067FD022F0030505F1AC45A3
:1082800005F5143502F003072B6EFF0008FA07F915
:1082900009EA030E454B984270D003F5806398427B
:1082A0006ED003F5806398426CD003F580639842EA
:1082B0006AD003F58063984268D003F580639842E2
:1082C00066D003F58063984264D003F580639842DA
:1082D00062D003F5C053984260D003F580639842A2
:1082E0005ED003F5806398425CD003F580639842CA
:1082F0000CBF0B231023BB40734517D1D4F880303B
:1083000023EA0603C4F88030D4F8843023EA060355
:10831000C4F88430236823EA06032360636823EAF1
:10832000060363602B6E23EA09032B66036856007D
:108330000BFA06F633430360D30800EB830302F025
:1083400007051F6AAD0008FA05F527EA05071F6251
:10835000876827EA06078760476827EA0C074760AF
:10836000C76827EA0607C7601E6C26EA05061E6472
:108370009E6C26EA05059D64013273E70023BAE787
:108380000123B8E70223B6E70323B4E70423B2E7E7
:108390000523B0E70623AEE70723ACE70823AAE7E7
:1083A0000923A8E70A23A6E7005002560000025658
:1083B0000369194214BF0120002070470AB181618E
:1083C00070478162704710B540F201149443036B0B
:1083D00009D10B4340F2022403639443436B09D158
:1083E0000B43436310BD23EA010412F4807F18BFDE
:1083F0002346EFE723EA010112F4007F18BF0B4682
:10840000EFE710B5044600284ED090F8413003F055
:10841000FF021BB980F84020FCF77EF8242384F883
:10842000413023681A6822F001021A60626822F063
:1084300070621A619A6822F400429A60D4E90221BB
:10844000012906D142F400429A605A6822F400627F
:1084500007E042F4044202299A60F6D15A6842F4D5
:1084600000625A605A68002042F0007242F40042F2
:108470005A60DA6822F40042DA60D4E904210A433F
:10848000A16942EA0122DA60D4E907210A431A60AD
:108490001A6842F001021A602023606484F84130B7
:1084A000206384F8420010BD0120FCE710B590F86D
:1084B00041200346202AD4B21CD190F84020012A42
:1084C00018D0242280F841200268106820F00100B2
:1084D0001060106820F48050106010680143002084
:1084E0001160116841F00101116083F8414083F887
:1084F000400010BD0220FCE710B590F84120034673
:10850000202AD4B21BD190F84020012A17D024226F
:1085100080F841200268106820F0010010601068A7
:1085200020F4706040EA012100201160116841F0E0
:108530000101116083F8414083F8400010BD022022
:10854000FCE72DE9F04F342687B0DDF840C0046821
:1085500006FB0C06D6F848E0CDE90223756E0CF157
:10856000010304EB0323BEF1030FDD634CD80426A3
:10857000342707FB0C00D4F80CC0D0F838B0E768FB
:10858000D0F83C800BF10109C7F30B47CCF30B4C3F
:108590004F44C44447EA0C471F61476C026C049780
:1085A000E768E4680592C4F30B0C541C049AC7F303
:1085B0000B076444174444EA0744C26D5C61A8EBAE
:1085C0000B0404FB06F90192039A006E032A00FBD8
:1085D00006FC09F1070A45D140F20D16019AB6458D
:1085E0005A632AD040F20D26B64531D04AEA0C42F1
:1085F0009A63DA6822F4807222F0010242F00102EA
:10860000DA6007B0BDE8F08FAEF10407092F4FF034
:108610000106ADD840F29B2906FA07F818EA090FBF
:1086200007D1022F07D0082FA2D19E6FC6F3824632
:108630009EE702269CE703269AE708F10702A2EBD1
:108640000B0242EA004219649A646D08DD64CDE7CA
:108650006408029A4008073444EA004419645A64E2
:108660009C64F2E7039A3ABB019A571E4F445F633A
:1086700040F20D17BE450AD040F20D27BE4510D07E
:108680004AEA0C429A63DA6842F48072B6E701392A
:1086900049441964073444EA00446D089C64DD646D
:1086A000EEE764086643029A0139013A31443244E4
:1086B000196440085A64EDE7DDE90427A2EB0708D6
:1086C000039ACCF5004C012A4AEA0C4C31D1019AAC
:1086D00008F1FF3A09FB0A275F6340F20D17BE4518
:1086E00006D040F20D27BE450DD0C3F838C080E754
:1086F0004FEA5802013A09FB02121A64C3F848C053
:108700006D08DD64F1E7640874434FEA58084008D7
:1087100008F1FF38C0F5004004FB08F87043029AE6
:1087200007344144424444EA004419645A649C6456
:10873000E6E7019A571E09FB08775F6340F20D17C1
:10874000BE4506D040F20D27BE450DD0C3F838C057
:1087500099E74FEA5808013909FB08111964C3F871
:1087600048C06D08DD64F1E76408744340084FEACF
:108770005808C0F5004004FB08F87043029A01391C
:10878000013A07344244414444EA004419645A64BB
:108790009C64DA6C120C1204DA64E2E702684B1C87
:1087A00002EB0322342303FB0101086D91F86830CA
:1087B00043EA006391F8690043EA002391F86A00F4
:1087C00043EA00435362136A23F0FF031362CB6C46
:1087D0001362906A054B03409362906AD1E91531A8
:1087E0000B4300F480310B4393627047F8F8FEFFAF
:1087F000342303FB01039A6CF0B5D41F042C23D857
:10880000164ADFF86CC0165D154A164B175D164AFE
:108810001B5D155D154A9B04125D1CF8044001F1B7
:10882000010C01680720520202EB85323A4403EB47
:10883000853301EB0C2102EB46122344C86103EBA4
:1088400045134A678B67F0BD062AFCD803680131DF
:1088500003EB01210023CA614B67F3E7DBAE117024
:10886000D6AE1170E0AE1170D1AE1170CCAE1170F9
:10887000C7AE11702DE9F0438C46079905684C1C72
:1088800005EB0425EC6804F4807EAC6B04F08048B2
:10889000342404FB0104A66C032E13D80424B8F17D
:1088A000000F53D13427BEF1000F23D1032407FB5F
:1088B0000107CCF800406C6B296CFC6511606A6C98
:1088C0001A602DE0043E092E4FF00104E7D840F273
:1088D0009B2904FA06F717EA090F07D1022E07D0E1
:1088E000082EDCD1AC6FC4F38244D8E70224D6E76B
:1088F0000324D4E7CCF8008040F20D1C07FB0100F4
:10890000D0E90E71C91B04FB01F76E6B0136F61B33
:10891000C665866C664505D040F20D27BE4206D07E
:10892000BDE8F0832B6C0133DB1B1360F8E72E6C82
:108930004908013604FB116111606A6CD0E90E012F
:10894000091A0132490804FB1122B9E73426BEF1A5
:10895000000F38D1012706FB0106CCF80070D6E9DC
:108960000E10401A00FB04FCD6E91017D5F834802D
:10897000791A01F1FF3E0CFB1E8740F20D1EF765D0
:10898000B76C774519D040F20D2C6745C8D149081E
:108990004008013941432F6C04FB11711160D6E985
:1089A0001012521A686C5208D6E90E51491B013A4E
:1089B00049084A4304FB120282E72B6C490801393B
:1089C0000CFB1133B1E7022706FB0100CCF8007065
:1089D000D5F834E0D0E90E61891BD0E91076F71B99
:1089E0000EF1010640F20D1E01FB04FC07FB1C66A4
:1089F000C665866C764519D040F20D2C66458FD140
:108A000049087F0879432E6C013604FB116111601F
:108A1000696CD0E90E52521BD0E91005281A520891
:108A200040084243013104FB121249E72B6C7F08D6
:108A300001330CFB173378E738B50446002853D0D0
:108A400090F8A13003F0FF021BB980F8A020FBF7DB
:108A5000A7FD022384F8A13023689A6922F07042AE
:108A60009A61D4E901200243E068996902432069D0
:108A700002430A439A61D4E9051242EA01429A602C
:108A8000D4E9071242EA0142DA60D4E9091242EA63
:108A900001421A61D4E90B1242EA01425A61DA6AD0
:108AA00094F8350002F07F4294F83610DA62DD6AFD
:108AB00094F834202A4342EA002242EA0142DA6270
:108AC0000422C3F80821C3F808225A6E002042F09D
:108AD00044025A669A6942F001029A610123C4F87D
:108AE000A40084F8A13038BD0120FCE738B5044665
:108AF00060B30368D3F80C2122F00102C3F80C2103
:108B0000D3F80C2222F00102C3F80C225A6A42F078
:108B100002025A62FDF79AFE054623689B6C5B07CA
:108B200004D4FDF793FE401B6428F6D92268204642
:108B3000936923F001039361FBF7C0FD0020C4F8A3
:108B4000A40084F8A00084F8A10038BD0120FCE74F
:108B5000F7B590F8A0300646012B0D4617464FF0AA
:108B600002002CD0342404FB026486F8A1003834BF
:108B70000FCD0FC40FCD0FC40FCD0FC42B683946D6
:108B800023603046FFF734FE39463046FFF706FED5
:108B9000002234687B1C04EB0324236B304623F053
:108BA00008032363114603230097FFF7CAFC05233C
:108BB0000020A360012386F8A00086F8A13003B04E
:108BC000F0BDF0B5002690F8A03087B0012B044628
:108BD0000F4615464FF00203CDE90366059620D0F7
:108BE00080F8A13005A9009204AB03AAFFF742FE6A
:108BF000342303FB05433246DF652046059B009581
:108C00003146FFF79EFC05222368013503EB05235F
:108C10009A600123304684F8A13084F8A06007B040
:108C2000F0BD1846FBE7000011F0200F10B50D4B0A
:108C30000DD01A6F01F0220102431A6722295A6FE0
:108C400001D1024301E022EA00025A6710BDC44389
:108C50001A6F01F0110122401A6711295A6FF0D0E2
:108C60002240F2E700480256024AD36B43F4807375
:108C7000D363704700480256024AD36B43F4007333
:108C8000D363704700480256024A536B43F4807323
:108C90005363704700480256224A10B5136A03F026
:108CA0004053B3F1005F3AD005D8E3B1B3F1805F30
:108CB0001FD000201CE0B3F1405FFAD1D2F8C80009
:108CC000D2F8C830C0F3074003F04053B3F1005F5F
:108CD00000F1010420D014D8CBB1B3F1805FE8D10A
:108CE00001F016FE15E0936C0F48C3F3C113D84092
:108CF00010BD536C0D4813F4007F0D4B08BF184690
:108D0000F6E7B3F1405FD4D101F082FE01E001F05B
:108D1000BFFDB0FBF4F0EBE701F03AFEF9E70548E0
:108D2000E6E700BF008002560090D0030024F40064
:108D300000093D00006CDC0208B5FFF7ADFF034BF6
:108D40005B6AC3F30253D84008BD00BF00800256DF
:108D5000024A536D23F0400353657047008002566A
:108D6000024A536D43F0400353657047008002563A
:108D7000024B586DC0F38010704700BF0080025650
:108D8000024B5868C0F30010704700BF00800256C5
:108D9000024B5868C0F3C000704700BF0080025605
:108DA000024B5868C0F38000704700BF0080025635
:108DB000024B5868C0F34000704700BF0080025665
:108DC000074930B5C4B2C0F304256358020EAA4067
:108DD000C0F3074023EA0203A8400343635030BDB9
:108DE00044810256054BC2B2D158C0F30422030E8F
:108DF00093400B40D34040EA034070474481025601
:108E0000024BD3F84002C0F3801070470080025636
:108E1000034BD3F8DC00C0F307400130704700BFBC
:108E200000800256024BD3F84002C0F3C0107047D6
:108E300000800256034BD3F8E000C0F30740013036
:108E4000704700BF00800256024BD3F84002C0F3C7
:108E50000020704700800256034BD3F8E400C0F3B3
:108E600007400130704700BF00800256024BD3F824
:108E70004002C0F34030704700800256034BD3F8E5
:108E8000F800C0F307400130704700BF0080025671
:108E9000024BD3F84002C0F3803070470080025686
:108EA000034BD3F8FC00C0F307400130704700BF0C
:108EB00000800256024B5B6AC3F30253D8407047EE
:108EC00000800256B0F1005F08B523D005D848B144
:108ED000B0F1805F11D0002008BDB0F1405FFAD141
:108EE0000F48F9E7FFF754FF0028F4D00D4B0E4868
:108EF0009B6CC3F3C113D840EEE7FFF751FF002886
:108F0000E9D0084B09485B6C13F4007F084B08BF9D
:108F10001846E1E7FFF734FF0028DCD00548DBE71F
:108F20000080BB00008002560090D0030024F400B3
:108F300000093D00006CDC0207EE102A06EE103A34
:108F400007EE900AB8EEC66ADFED105AB8EE477A1F
:108F500006EE901AA6EE257AF8EE677A67EE877A23
:108F6000B8EE667A87EE876ADDED007AF8EE677A0A
:108F7000C6EE276ADDED017AF8EE677A86EEA77A0B
:108F8000FCEEC77A17EE900A704700BF00008033EE
:108F900003682DE9F041190104462DD5C74BD0F8DF
:108FA0008811D3F85C3113F4407340F0D186B1F5E9
:108FB000807F09D1FDF74AFC41F288360546FFF76C
:108FC000F7FE002800F0D686D4F88831BB4A03F4B7
:108FD0004070B0F5407F08D1D2F85C1123F44073A3
:108FE00021F47C310B43C2F85C31D2F85C3123F4BC
:108FF00040730343C2F85C314FF00008D4E90056D7
:109000006B071ED5D4F8B810AC4B042940F0BC86D1
:10901000D3F8D420E06AA76A22F0435222F47C12EB
:1090200001383A4342EA0042C3F8D4201022C3F880
:10903000402AA24AD2F85C3123F007030B43C2F85E
:109040005C31770219D5D4F8AC009D4B984240F0C2
:10905000F9869A4AE169D2F8CC30A76923F04353E4
:1090600023F47C1301393B4343EA0143C2F8CC307B
:109070000423C2F8403AFFF7A3FE300219D5D4F812
:10908000B000904B984240F0FB868C4AE169D2F8E0
:10909000CC30A76923F0435323F47C1301393B43BD
:1090A00043EA0143C2F8CC300423C2F8403AFFF748
:1090B00087FEF10119D5D4F8B400834B984240F0F3
:1090C000FD867E4AE169D2F8CC30A76923F043538C
:1090D00023F47C1301393B4343EA0143C2F8CC300B
:1090E0000423C2F8403AFFF76BFE2A051ED5D4F8D8
:1090F000A810724A202940F0FF86D2F8CC30E069EF
:10910000A76923F0435323F47C1301383B4343EA1C
:109110000043C2F8CC300423C2F8403A674AD2F880
:109120004C3123F030030B43C2F84C316B0019D59E
:10913000D4F82C01654B984240F0F8865F4A616A8A
:10914000D2F8D030276A23F0435323F47C1301393B
:109150003B4343EA0143C2F8D0300823C2F8403A07
:10916000FFF72EFE002D19DAD4F83001584B984243
:1091700040F0FA86514A616AD2F8D030276A23F06B
:10918000435323F47C1301393B4343EA0143C2F8C0
:10919000D0300823C2F8403AFFF712FEEF0725D57A
:1091A000D4F8BC204549202A40F0FC86D1F8DC30B8
:1091B000E06BA76B23F0435323F47C1301383B434C
:1091C00043EA0043C1F8DC304023C1F8403A3B4851
:1091D000D4F8C010D0F84431013923F47F4323F090
:1091E0007003134343EA0123C0F84431A8071ED596
:1091F000D4F8C410314A022940F0EE86D2F8DC30AF
:10920000E06BA76B23F0435323F47C1301383B43FB
:1092100043EA0043C2F8DC304023C2F8403A274A10
:10922000D2F8443123F007030B43C2F84431290735
:1092300014D5224AD4F89410D2F80831D4F890000A
:1092400023F0435323F47C130139034343EA0143DE
:10925000C2F808314FF40033C2F8403AEA0622D58A
:10926000D4F8C810154AB1F5001F40F0CF86D2F8E7
:109270000431D4F88C00D4F8887023F0435323F4DD
:109280007C1301383B4343EA0043C2F804314FF4F6
:109290008033C2F8403A094AD2F8443123F44013EB
:1092A0000B43C2F84431AB062ED5D4F8CC10034A98
:1092B000B1F5005F40F0B2860CE000BF00800256BE
:1092C0001400020314040203140802031C00020326
:1092D0001C040203D2F8F030606E276E23F0435373
:1092E00023F47C1301383B4343EA0043C2F8F030D7
:1092F0004FF40063C2F8403AC84AD2F8483123F428
:1093000040530B43C2F848316F0609D5C34AD4F81D
:10931000D010D2F8483123F4E0230B43C2F848318F
:10932000280609D5BD4AD4F8D410D2F8483123F420
:1093300080130B43C2F84831E90509D5B74AD4F880
:10934000D810D2F8483123F080730B43C2F848316B
:10935000AA0524D5D4F8DC10B04A022940F066866C
:10936000D2F8F430E06EA76E23F0435323F47C135D
:1093700001383B4343EA0043C2F8F4304FF48053D2
:10938000C2F8403AA548D4F8E020D0F84831013A74
:1093900023F0F3030B4343EA0213C0F848316B0593
:1093A00021D5D4F8E4109D4A022940F04686D2F82F
:1093B0000C31D4F89C00D4F8987023F0435323F474
:1093C0007C1301383B4343EA0043C2F80C314FF4AD
:1093D0008023C2F8403A914AD2F84C3123F003037B
:1093E0000B43C2F84C31EF041AD5D4F8E8008C4B8B
:1093F000984240F04186894A616DD2F8E830276D85
:1094000023F0435323F47C1301393B4343EA0143E4
:10941000C2F8E8304FF40073C2F8403AFFF7D0FCCE
:10942000A8041AD5D4F8EC007E4B984240F043864D
:109430007A4A616DD2F8E830276D23F0435323F464
:109440007C1301393B4343EA0143C2F8E8304FF44F
:109450000073C2F8403AFFF7B3FC69041AD5D4F898
:10946000F000714B984240F045866C4A616DD2F82D
:10947000E830276D23F0435323F47C1301393B4339
:1094800043EA0143C2F8E8304FF40073C2F8403AAF
:10949000FFF796FC2A041AD5D4F8F400634B9842DF
:1094A00040F047865D4A616DD2F8E830276D23F0C1
:1094B000435323F47C1301393B4343EA0143C2F88D
:1094C000E8304FF40073C2F8403AFFF779FCEB0341
:1094D0001AD5D4F8F800564B984240F049864F4AC6
:1094E000616DD2F8E830276D23F0435323F47C13E9
:1094F00001393B4343EA0143C2F8E8304FF40073BB
:10950000C2F8403AFFF75CFCAF031AD5D4F8FC0070
:10951000484B984240F04B86404A616DD2F8E830A3
:10952000276D23F0435323F47C1301393B4343EA73
:109530000143C2F8E8304FF40073C2F8403AFFF735
:109540003FFC68031AD5D4F800013B4B984240F029
:109550004D86324AE16FD2F8FC30A76F23F04353B7
:1095600023F47C1301393B4343EA0143C2F8FC3046
:109570004FF48043C2F8403AFFF722FC29031AD582
:10958000D4F804012D4B984240F03986234AE16F0C
:10959000D2F8FC30A76F23F0435323F47C13013936
:1095A0003B4343EA0143C2F8FC304FF48043C2F826
:1095B000403AFFF705FCEA021AD5D4F80801204B1F
:1095C000984240F02586154AE16FD2F8FC30A76F2B
:1095D00023F0435323F47C1301393B4343EA014313
:1095E000C2F8FC304FF48043C2F8403AFFF7E8FB82
:1095F000AB0231D5D4F80C01124B984240F01186E1
:10960000064AE16FD2F8FC30A76F23F0435323F4EE
:109610007C1301393B4343EA014315E000800256C5
:109620000C0002070C0402070C0802070C0C0207CE
:109630000C1002070C1402072C0802072C0C02075E
:109640002C1002072C140207C2F8FC304FF48043A0
:10965000C2F8403AFFF7B4FB6F021AD5D4F81001F4
:10966000CB4B984240F0E685CA4AE16FD2F8FC3015
:10967000A76F23F0435323F47C1301393B4343EAA0
:109680000143C2F8FC304FF48043C2F8403AFFF780
:1096900097FB280220D5D4F81411BE4AB1F5007FFB
:1096A00040F0D185D2F8E430E06CA76C23F043534E
:1096B00023F47C1301383B4343EA0043C2F8E4300F
:1096C0004FF48073C2F8403AB24AD2F8783123F4AA
:1096D000E0630B43C2F87831E90122D5D4F81811C0
:1096E000AC4AB1F1007F40F0CB85D2F80031D4F81C
:1096F0008400D4F8807023F0435323F47C130138A2
:109700003B4343EA0043C2F800314FF40043C2F840
:10971000403AA04AD2F8503123F040730B43C2F8CC
:109720005031AA011FD5D4F81C119A4AB1F5003F57
:1097300040F0AE85D2F8DC30E06BA76B23F04353EA
:1097400023F47C1301383B4343EA0043C2F8DC3086
:109750004023C2F8403A8F4AD2F8543123F4E02330
:109760000B43C2F854316B0121D5D4F82011894A3A
:10977000202940F0A985D2F81031D4F8A400D4F8FB
:10978000A07023F0435323F47C1301383B4343EA96
:109790000043C2F810314FF40023C2F8403A7D4A2A
:1097A000D2F85C3123F030030B43C2F85C31EF0098
:1097B00019D5D4F82401784B984240F08C85754A2D
:1097C000E16BD2F8DC30A76B23F0435323F47C1316
:1097D00001393B4343EA0143C2F8DC304023C2F87D
:1097E000403AFFF7EDFAAD0019D5D4F828016B4BDC
:1097F000984240F08E85674AE16BD2F8DC30A56B69
:1098000023F0435323F47C1301392B4343EA0143F0
:10981000C2F8DC304023C2F8403AFFF7D1FAF00733
:109820001ED5D4F84C115B4A022940F0BD85D2F810
:10983000DC30E06BA56B23F0435323F47C13013839
:109840002B4343EA0043C2F8DC304023C2F8403ADD
:10985000504AD2F8643123F007030B43C2F8643155
:10986000B10719D5D4F834014D4B984240F0B68574
:10987000484A616CD2F8E030256C23F0435323F45E
:109880007C1301392B4343EA0143C2F8E0308023C3
:10989000C2F8403AFFF794FA720719D5D4F83801A4
:1098A000404B984240F0B9853A4A616CD2F8E030BA
:1098B000256C23F0435323F47C1301392B4343EAF3
:1098C0000143C2F8E0308023C2F8403AFFF778FA4B
:1098D000330719D5D4F83C01334B984240F0BC858E
:1098E0002C4A616CD2F8E030256C23F0435323F40A
:1098F0007C1301392B4343EA0143C2F8E030802353
:10990000C2F8403AFFF75CFAF7061AD5D4F84001DE
:10991000264B984240F0BF851E4AE16CD2F8E430F5
:10992000A56C23F0435323F47C1301392B4343EA02
:109930000143C2F8E4304FF48073C2F8403AFFF7B5
:109940003FFAB5061AD5D4F84401194B984240F0B5
:10995000C185104AE16CD2F8E430A56C23F0435382
:1099600023F47C1301392B4343EA0143C2F8E4306A
:109970004FF48073C2F8403AFFF722FA70062FD5F1
:10998000D4F848010B4B984240F0C38514E000BF67
:109990002C18020700800256181402071818020734
:1099A0002004020720080207200C020720100207EB
:1099B0002014020720180207C74A616CD2F8E03071
:1099C000256C23F0435323F47C1301392B4343EAE2
:1099D0000143C2F8E0308023C2F8403AFFF7F0F9C3
:1099E000F1051AD5D4F85001BC4B984240F0B0852F
:1099F000B94AE16CD2F8E430A56C23F0435323F468
:109A00007C1301392B4343EA0143C2F8E4304FF49D
:109A10008073C2F8403AFFF7D3F9B2051AD5D4F8EB
:109A20005401AF4B984240F0B285AB4AE16CD2F89A
:109A3000E430A56C23F0435323F47C1301392B430A
:109A400043EA0143C2F8E4304FF48073C2F8403A6D
:109A5000FFF7B6F973051AD5D4F85801A14B98420F
:109A600040F0B4859C4AE16CD2F8E430A56C23F058
:109A7000435323F47C1301392B4343EA0143C2F8D7
:109A8000E4304FF48073C2F8403AFFF799F9370594
:109A90001AD5D4F85C01944B984240F0B6858E4AB2
:109AA000E16CD2F8E430A56C23F0435323F47C132B
:109AB00001392B4343EA0143C2F8E4304FF4807389
:109AC000C2F8403AFFF77CF9F5041AD5D4F86001E2
:109AD000864B984240F0B8857F4AE16CD2F8E4307A
:109AE000A56C23F0435323F47C1301392B4343EA41
:109AF0000143C2F8E4304FF48073C2F8403AFFF7F4
:109B00005FF9B0041AD5D4F86401794B984240F05B
:109B1000BA85714AE16CD2F8E430A56C23F0435366
:109B200023F47C1301392B4343EA0143C2F8E430A8
:109B30004FF48073C2F8403AFFF742F971041AD526
:109B4000D4F868016B4B984240F0EE85624AE16CB4
:109B5000D2F8E430A56C23F0435323F47C1301398D
:109B60002B4343EA0143C2F8E4304FF48073C2F858
:109B7000403AFFF725F932041AD5D4F86C015E4B50
:109B8000984240F0F085544AE16CD2F8E430A56C7C
:109B900023F0435323F47C1301392B4343EA01435D
:109BA000C2F8E4304FF48073C2F8403AFFF708F986
:109BB000F3031AD5D4F87001504B984240F0F28567
:109BC000454AE16CD2F8E430A56C23F0435323F40A
:109BD0007C1301392B4343EA0143C2F8E4304FF4CC
:109BE0008073C2F8403AFFF7EBF8B7031AD5D4F800
:109BF0007401434B984240F0F485374AE16CD2F847
:109C0000E430A56C23F0435323F47C1301392B4338
:109C100043EA0143C2F8E4304FF48073C2F8403A9B
:109C2000FFF7CEF875030CD5D4F8780120F000408A
:109C3000FFF7C6F8D4F87831002B80F2F185FFF7F2
:109C40008FF8F0020CD5D4F8800120F00040FFF727
:109C5000B7F8D4F88031002B80F2E685FFF780F862
:109C6000310323D5D4F87C01264B984240F0E0859F
:109C7000194AE16FD2F8FC30A56F23F0435323F467
:109C80007C1301392B4343EA0143C2F8FC304FF403
:109C90008043C2F8403A20F00040FFF791F8D4F832
:109CA0007C31002B80F2CD85FFF75AF8B2023ED509
:109CB000D4F88401144B984240F0C785064AE16FFE
:109CC000D2F8FC30A56F23F0435323F47C13013901
:109CD0002B4343EA014319E000800256300002079B
:109CE0003004020730080207300C02073010020768
:109CF0003014020730180207301C02073400020734
:109D000034040207140C020314140203C2F8FC30DA
:109D10004FF48043C2F8403A20F00040FFF750F87B
:109D2000D4F88431002B80F29985FFF719F83306B7
:109D300008D5C54AD4F88C11536A23F0407343EA1E
:109D400001635362B8F1000018BF0120BDE8F08143
:109D500001F440729A423FF42AA9BC4BDA6A42F0FD
:109D60000102DA62DB6ADA073FF521A94FF0010848
:109D7000FFF744B9FCF76AFD401BB0427FF61FA90C
:109D80004FF00308FFF73AB9CA1E042A3FF651A95B
:109D900001A050F822F000BFF59D107033901070B4
:109DA000AD9D1070D19D10701D9E1070D3F8E820ED
:109DB000606D276D22F0435222F47C1201383A4341
:109DC00042EA0042C3F8E8204FF40072FFF72FB9CF
:109DD000D3F8FC20E06FA76F22F0435222F47C12EC
:109DE00001383A4342EA0042C3F8FC204FF4804273
:109DF000FFF71DB9D3F80C21D4F89C00D4F8987063
:109E000022F0435222F47C1201383A4342EA0042E3
:109E1000C3F80C214FF48022FFF709B9D3F81021C1
:109E2000D4F8A400D4F8A07022F0435222F47C129B
:109E300001383A4342EA0042C3F810214FF40022AD
:109E4000FFF7F5B8824B984211D17F4A616AD2F888
:109E5000D030276A23F0435323F47C1301393B436A
:109E600043EA0143C2F8D0300823FFF702B9794B27
:109E7000984202BF4022744BC3F8482AFFF7FBB850
:109E8000754B984211D1704A616AD2F8D030276A76
:109E900023F0435323F47C1301393B4343EA01434A
:109EA000C2F8D0300823FFF700B96C4B984202BFCC
:109EB0004022654BC3F8482AFFF7F9B8684B98422F
:109EC00011D1614A616AD2F8D030276A23F0435336
:109ED00023F47C1301393B4343EA0143C2F8D030F9
:109EE0000823FFF7FEB85F4B984202BF4022564B53
:109EF000C3F8482AFFF7F7B8302910D1D2F8D0308C
:109F0000606A276A23F0435323F47C1301383B43F0
:109F100043EA0043C2F8D0300823FFF7FDB8102908
:109F200004BF4023C2F8483AFFF7F8B84E4B9842B6
:109F300011D1454AE16AD2F8D430A76A23F04353DD
:109F400023F47C1301393B4343EA0143C2F8D43084
:109F50001023FFF703B9454B984202BF40223A4B0A
:109F6000C3F8482AFFF7FCB8414B984211D1364A52
:109F7000E16AD2F8D430A76A23F0435323F47C1368
:109F800001393B4343EA0143C2F8D4301023FFF7C1
:109F900001B9384B984202BF40222B4BC3F8482AE4
:109FA000FFF7FAB8302A10D1D1F8E030606C276C96
:109FB00023F0435323F47C1301383B4343EA00432B
:109FC000C1F8E0308023FFF700B9102A04BF402316
:109FD000C1F8483AFFF7FBB8032910D1D2F8E030B6
:109FE000606C276C23F0435323F47C1301383B430C
:109FF00043EA0043C2F8E0308023FFF70EB901299D
:10A0000004BF4023C2F8483AFFF709B9B1F5801FF1
:10A0100004BF4023C2F8483AFFF73DB9B1F5805F6D
:10A0200004BF4023C2F8483AFFF766B9012904BFCC
:10A030004023C2F8483AFFF7A5B9012904BF4023DD
:10A04000C2F8483AFFF7C7B90080025600480256E6
:10A050001400030314000103140403031404010394
:10A0600014080303140801031C0003031C0001036C
:10A070001C0403031C040103B54B984212D1B54ADA
:10A08000E16FD2F8FC30A76F23F0435323F47C1325
:10A0900001393B4343EA0143C2F8FC304FF48043AB
:10A0A000FFF7BAB9AC4B984202BF4022A94BC3F8A4
:10A0B000482AFFF7B3B9A94B984212D1A54AE16FDC
:10A0C000D2F8FC30A76F23F0435323F47C130139FB
:10A0D0003B4343EA0143C2F8FC304FF48043FFF7AF
:10A0E000B8B99F4B984202BF40229A4BC3F8482A06
:10A0F000FFF7B1B99B4B984212D1964AE16FD2F863
:10A10000FC30A76F23F0435323F47C1301393B4306
:10A1100043EA0143C2F8FC304FF48043FFF7B6B97D
:10A12000914B984202BF40228A4BC3F8482AFFF75E
:10A13000AFB98E4B984212D1864AE16FD2F8FC300B
:10A14000A76F23F0435323F47C1301393B4343EAC5
:10A150000143C2F8FC304FF48043FFF7B4B9844B9D
:10A16000984202BF40227B4BC3F8482AFFF7ADB9A3
:10A17000804B984212D1774AE16FD2F8FC30A76F3A
:10A1800023F0435323F47C1301393B4343EA014357
:10A19000C2F8FC304FF48043FFF7B2B9764B9842D7
:10A1A00002BF40226B4BC3F8482AFFF7ABB9734B91
:10A1B000984212D1674AE16FD2F8FC30A76F23F0C2
:10A1C000435323F47C1301393B4343EA0143C2F870
:10A1D000FC304FF48043FFF7B0B9694B984202BF9F
:10A1E00040225C4BC3F8482AFFF7A9B9654B984257
:10A1F00002BF4022574BC3F8482AFFF7BDB9624B54
:10A20000984202BF4022534BC3F8482AFFF7D1B906
:10A210005E4B984202BF40224E4BC3F8482AFFF7DC
:10A22000E5B95B4B984202BF40224A4BC3F8482A2B
:10A23000FFF710BA574B984202BF4022454BC3F874
:10A24000482AFFF724BAB1F5407F11D1D2F8F8308F
:10A25000606F276F23F0435323F47C1301383B4393
:10A2600043EA0043C2F8F8304FF40053FFF72ABA2C
:10A27000B1F5807F04BF4023C2F8483AFFF724BA03
:10A28000B1F1807F04BF4023C2F8483AFFF741BADA
:10A29000B1F5403F10D1D2F8E030606C276C23F06C
:10A2A000435323F47C1301383B4343EA0043C2F891
:10A2B000E0308023FFF74DBAB1F5803F04BF402363
:10A2C000C2F8483AFFF747BA102904BF4023C2F842
:10A2D000483AFFF764BA304B984211D11D4A616C7D
:10A2E000D2F8E030276C23F0435323F47C13013978
:10A2F0003B4343EA0143C2F8E0308023FFF76FBAE3
:10A30000264B984202BF4022124BC3F8482AFFF75F
:10A3100068BA234B984211D10E4A616CD2F8E030F2
:10A32000256C23F0435323F47C1301392B4343EA78
:10A330000143C2F8E0308023FFF76DBA194B984211
:10A3400002BF4022034BC3F8482AFFF766BA00BF9A
:10A350000C000307008002560C0001070C040307E1
:10A360000C0401070C0803070C0801070C0C030779
:10A370000C0C01070C1003070C1001070C14030749
:10A380000C1401072C0801072C0C01072C100107E5
:10A390002C1401072C1801071814030718140107BF
:10A3A0001818030718180107032910D1D2F8E03054
:10A3B000606C256C23F0435323F47C1301382B434A
:10A3C00043EA0043C2F8E0308023FFF73FBA012997
:10A3D00004BF4023C2F8483AFFF73ABAB94B984253
:10A3E00012D1B94AE16CD2F8E430A56C23F04353A2
:10A3F00023F47C1301392B4343EA0143C2F8E430D0
:10A400004FF48073FFF744BAB04B984202BF40222A
:10A41000AD4BC3F8482AFFF73DBAAD4B984212D175
:10A42000A94AE16CD2F8E430A56C23F0435323F43D
:10A430007C1301392B4343EA0143C2F8E4304FF463
:10A440008073FFF741BAA34B984202BF40229E4B54
:10A45000C3F8482AFFF73ABA9F4B984212D19A4A5A
:10A46000E16CD2F8E430A56C23F0435323F47C1361
:10A4700001392B4343EA0143C2F8E4304FF48073BF
:10A48000FFF73EBA954B984202BF40228E4BC3F86D
:10A49000482AFFF737BA924B984212D18A4A616F25
:10A4A000D2F8F830256F23F0435323F47C1301399D
:10A4B0002B4343EA0143C2F8F8304FF40053FFF74F
:10A4C0003CBA884B984202BF40227F4BC3F8482ACF
:10A4D000FFF735BA844B984212D17B4A616FD2F8AC
:10A4E000F830256F23F0435323F47C1301392B43B9
:10A4F00043EA0143C2F8F8304FF40053FFF73ABA89
:10A500007A4B984202BF40226F4BC3F8482AFFF7AC
:10A5100033BA774B984212D16B4AE16CD2F8E430EF
:10A52000A56C23F0435323F47C1301392B4343EAF6
:10A530000143C2F8E4304FF48073FFF74DBA6D4B1E
:10A54000984202BF4022604BC3F8482AFFF746BA40
:10A55000694B984212D15C4A616FD2F8F830256F8E
:10A5600023F0435323F47C1301392B4343EA014383
:10A57000C2F8F8304FF40053FFF74BBA5F4B9842E4
:10A5800002BF4022504BC3F8482AFFF744BA5C4B45
:10A59000984212D14C4A616FD2F8F830256F23F0FF
:10A5A000435323F47C1301392B4343EA0143C2F89C
:10A5B000F8304FF40053FFF749BA524B984202BFAC
:10A5C0004022414BC3F8482AFFF742BA4E4B98420B
:10A5D00012D13D4A616FD2F8F830256F23F0435312
:10A5E00023F47C1301392B4343EA0143C2F8F830CA
:10A5F0004FF40053FFF747BA444B984202BF402242
:10A60000314BC3F8482AFFF740BA414B984212D168
:10A610002D4A616FD2F8F830256F23F0435323F4AD
:10A620007C1301392B4343EA0143C2F8F8304FF45D
:10A630000053FFF745BA374B984202BF4022224BE6
:10A64000C3F8482AFFF73EBA334B984212D11E4A4C
:10A65000616FD2F8F830256F23F0435323F47C1355
:10A6600001392B4343EA0143C2F8F8304FF4005359
:10A67000FFF743BA294B984202BF4022124BC3F85E
:10A68000482AFFF73CBA264B984212D10E4A616F16
:10A69000D2F8F830256F23F0435323F47C130139AB
:10A6A0002B4343EA0143C2F8F8304FF40053FFF75D
:10A6B00041BA1C4B984202BF4022034BC3F8482AC0
:10A6C000FFF73ABA2004030700800256200401076E
:10A6D0002008030720080107200C0307200C0107AE
:10A6E000201003072010010720140307201401077E
:10A6F0002018030720180107300003073000010766
:10A70000300403073004010730080307300801074D
:10A71000300C0307300C010730100307301001071D
:10A7200030140307301401074E4B984212D14E4AA1
:10A73000616FD2F8F830256F23F0435323F47C1374
:10A7400001392B4343EA0143C2F8F8304FF4005378
:10A75000FFF70DBA454B984202BF4022424BC3F867
:10A76000482AFFF706BA424B984212D13E4A616F1F
:10A77000D2F8F830256F23F0435323F47C130139CA
:10A780002B4343EA0143C2F8F8304FF40053FFF77C
:10A790000BBA384B984202BF4022334BC3F8482AC9
:10A7A000FFF704BA344B984212D12F4A616FD2F8A6
:10A7B000F830256F23F0435323F47C1301392B43E6
:10A7C00043EA0143C2F8F8304FF40053FFF709BAE7
:10A7D0002A4B984202BF4022234BC3F8482AFFF776
:10A7E00002BA274B984212D11F4A616FD2F8F83053
:10A7F000256F23F0435323F47C1301392B4343EAA1
:10A800000143C2F8F8304FF40053FFF707BA1D4B6D
:10A81000984202BF4022144BC3F8482AFFF700BAFF
:10A82000FEF796FAFFF70DBAFEF792FAFFF718BA9D
:10A83000154B984202BF40220B4BC3F8482AFFF742
:10A840002ABAFEF785FAFFF731BA104B984202BFD9
:10A850004022054BC3F8482AFFF75EBAFEF778FAA4
:10A86000FFF765BA30180307008002563018010759
:10A87000301C0307301C01073400030734000107B4
:10A880003404030734040107140C010314140103F6
:10A8900037B51E4C6368D90506D5D4F888305A0000
:10A8A0000FD4002003B030BDD4F880301B01F8D5A0
:10A8B000D4F8800000F0E04003B0BDE83040FEF77F
:10A8C00001BBD4F8800000F0E040FEF7FBFA00285E
:10A8D000E7D0D4F8803013F07C7FC3F30551E0D08B
:10A8E000D4F88020D4F88430D4F88850D4F8884044
:10A8F000C5F3C265C4F302640194009523F07F435D
:10A90000C2F30B22FEF718FBCCE700BF0080025613
:10A9100037B51E4C6368990506D5D4F898305A00AF
:10A920000FD4002003B030BDD4F890301B01F8D50F
:10A93000D4F8900000F0E04003B0BDE83040FEF7EE
:10A94000C1BAD4F8900000F0E040FEF7BBFA00284E
:10A95000E7D0D4F8903013F07C7FC3F30551E0D0FA
:10A96000D4F89020D4F89430D4F89850D4F8984083
:10A97000C5F3C265C4F302640194009523F07F43DC
:10A98000C2F30B22FEF7D8FACCE700BF00800256D4
:10A9900037B51E4C6368590506D5D4F8A8305A005F
:10A9A0000FD4002003B030BDD4F8A0301B01F8D57F
:10A9B000D4F8A00000F0E04003B0BDE83040FEF75E
:10A9C00081BAD4F8A00000F0E040FEF77BFA00283E
:10A9D000E7D0D4F8A03013F07C7FC3F30551E0D06A
:10A9E000D4F8A020D4F8A430D4F8A850D4F8A840C3
:10A9F000C5F3C265C4F302640194009523F07F435C
:10AA0000C2F30B22FEF798FACCE700BF0080025693
:10AA100037B51E4C6368190506D5D4F8B8305A000E
:10AA20000FD4002003B030BDD4F8B0301B01F8D5EE
:10AA3000D4F8B00000F0E04003B0BDE83040FEF7CD
:10AA400041BAD4F8B00000F0E040FEF73BFA00282D
:10AA5000E7D0D4F8B03013F07C7FC3F30551E0D0D9
:10AA6000D4F8B020D4F8B430D4F8B850D4F8B84002
:10AA7000C5F3C265C4F302640194009523F07F43DB
:10AA8000C2F30B22FEF758FACCE700BF0080025653
:10AA90003E4B10B5D3F84822520635D5D3F85C2189
:10AAA00002F00702013A062A05D8DFE802F00E1389
:10AAB00046182F3B5200FEF76BF928B3334B34484E
:10AAC0009B6CC3F3C113D8401FE0FEF769F9D8B1FE
:10AAD00030481AE0FEF754F9B0B12F4815E0D3F82A
:10AAE0004022D40610D5D3F8D400D3F8D430C0F324
:10AAF0000740441C03F04053B3F1005F43D034D807
:10AB0000CBB3B3F1805F3BD0002010BDD3F840221F
:10AB10009005F9D5D3F8E800D3F8E830C0F3074042
:10AB2000441CE7E7FEF7B4F90028EDD0FEF7B8F9CA
:10AB3000164B0446D3F8FC30DCE7D3F8402251032F
:10AB4000E2D5D3F80C01D3F80C31C0F30740441C14
:10AB5000D0E7D3F840221203D6D5D3F81001D3F8AA
:10AB60001031C0F30740441CC4E7B3F1405FCBD1C0
:10AB7000FFF74EFF01E0FFF78BFEB0FBF4F0C4E7F8
:10AB8000FFF7C6FEF9E7FFF703FFF6E7008002567E
:10AB90000090D00300093D00006CDC0238B52D4D5B
:10ABA000D5F8643103F00703062B24D8DFE803F05F
:10ABB000040D112A49404F00FEF76EF8FEF77AF9AE
:10ABC0006B6A03F00703D84016E0BDE83840FFF792
:10ABD0005FBFFEF715F970B1FEF71AF90446D5F814
:10ABE000DC3003F04053B3F1005F1ED014D8CBB17A
:10ABF000B3F1805F01D0002038BDFFF789FEB0FBC4
:10AC0000F4F0F9E7FEF70EF90028F4D0FEF712F998
:10AC1000D5F8E0300446E4E7B3F1405FEBD1FFF74D
:10AC2000F7FEECE7FFF734FEE9E7FFF7B1FEE6E7F2
:10AC3000FEF7AEF80028DED0AB6C0748C3F3C113B3
:10AC4000C1E7FEF7ADF80028D5D00448D4E70448A2
:10AC5000D2E700BF008002560090D00300093D00FB
:10AC60000080BB0010B5FEF7BDF8374B984228D0E6
:10AC70001BD8A3F58033984213D00BD820F4806200
:10AC8000A3F580339A424BD003F50063984247D036
:10AC9000002010BD2D4B984203D003F580639842ED
:10ACA000F6D1BDE81040FFF7F3BE294B984229D0FA
:10ACB00021D8A3F57C43984203D003F580639842E2
:10ACC000E6D1244BD3F8400210F00400E1D0D3F8D1
:10ACD000CC00D3F8CC30C0F30740441C03F0405301
:10ACE000B3F1005F2DD021D833B3B3F1805FCFD162
:10ACF000FFF70EFE22E0184B984203D003F5806365
:10AD00009842C5D1134BD3F8400210F00800C0D0D0
:10AD1000D3F8D000D3F8D030C0F30740441CDDE7AF
:10AD2000FDF7BAFFBDE81040FEF7C4B8B3F1405FCD
:10AD3000AED1FFF76DFE01E0FFF7AAFDB0FBF4F026
:10AD4000A7E7FFF725FEF9E7140002031404010347
:10AD500014000303008002561404030310B5FEF729
:10AD600041F82D4B984221D015D8A3F58033984255
:10AD70000DD009D8A3F5803398422ED003F5006397
:10AD800098422AD0002010BD244B9842FAD1BDE849
:10AD90001040FFF77DBE224B984224D003F500639C
:10ADA000984220D0A3F580339842EBD1FEF770F89B
:10ADB0000028E7D0FEF774F81A4B0446D3F8FC30AD
:10ADC00003F04053B3F1005F22D016D8DBB1B3F1EA
:10ADD000805FD7D1FFF79CFD17E0FDF7D1FF00287A
:10ADE000D0D01148CFE7FDF7CBFF0028CAD0FDF740
:10ADF000BFFF0028F5D10D48C5E7B3F1405FC1D1D1
:10AE0000FFF706FE01E0FFF743FDB0FBF4F0BAE701
:10AE1000FFF7BEFDF9E700BF140C02031414010391
:10AE2000140C03030080025600366E01006CDC0235
:10AE300008B5FDF7D7FF114B98421CD005D8A3F5F4
:10AE40000063984212D0002008BD0D4B20F4006032
:10AE50009842F8D1FDF794FF0028F4D0FDF788FF61
:10AE6000084B0028084808BF1846EDE70748BDE82A
:10AE70000840FFF773BF0648F9E700BF1418000148
:10AE800014100101006CDC0200366E01140C00038A
:10AE90001414000310B5FDF7A5FF704B984239D08C
:10AEA00053D8A3F50033984200F0B68013D8A3F628
:10AEB000FC73984200F0B0800BD8A3F20443984290
:10AEC00000F0AA8003F58063984200F0AF80002074
:10AED00010BD634BF8E7634B98420CD00FD8A3F634
:10AEE000FC73984207D08EBF5F4B20F48060A3F2C2
:10AEF00004439842EBD1BDE81040FFF7C9BD5B4B5E
:10AF0000984207D08EBF5A4B20F48060A3F20443CE
:10AF10009842DCD1FDF798FF0028D8D0FDF79CFFC0
:10AF20000446544BD3F8E43003F04053B3F1005FD0
:10AF300000F0918000F28380002B00F08780B3F155
:10AF4000805FC4D1FFF7E4FC82E04B4B984245D0D0
:10AF500033D8A3F58033984228D01CD8A3F57B437F
:10AF6000FC3B984206D010D820F48060A3F2044342
:10AF70009842ACD1FDF77AFF0028A8D0FDF77EFFFC
:10AF80003C4B0446D3F8F830CEE73C4B9842F1D026
:10AF900003F54063ECE73A4B984207D08EBF394B3C
:10AFA00020F00400A3F58063984290D1FDF700FFE4
:10AFB000003818BF0120C0038AE7334B984220D0E5
:10AFC00013D8A3F57843984208D08EBF2F4B20F0BA
:10AFD0000400A3F5806398427FF479AFFDF7E0FEAB
:10AFE00000283FF474AF2A4872E72A4B984208D0F1
:10AFF0008EBF294B20F00400A3F5806398427FF4B4
:10B0000066AFFDF7C5FE00283FF461AF194B23483A
:10B010009B6CC3F3C11307E0FDF73EFEFDF74AFF4B
:10B02000144B5B6AC3F30213D84051E7FDF734FEBB
:10B03000FDF740FF0F4B5B6A03F00703F4E7B3F142
:10B04000405F7FF444AFFFF7E3FC01E0FFF720FC33
:10B05000B0FBF4F03CE7FFF79BFCF9E73014020784
:10B0600030080007301401073008010734040207D4
:10B070003008020700800256300005073008030739
:10B0800030080407301404073000060730140507A1
:10B0900000093D0030080607301406070090D00371
:10B0A00010B5FDF79FFE794B98423ED05AD8A3F5D4
:10B0B0000033984200F0C78014D8754B984200F0D6
:10B0C000CC80013B98420BD920F4006203F6FD735B
:10B0D0009A4200F0B880A3F58063984200F0B380F4
:10B0E000002010BD6B4B98420DD012D8A3F54063E1
:10B0F000984208D00BD8A3F6FC73984203D003F60D
:10B10000FC339842ECD1BDE81040FFF7C1BC624B64
:10B11000F7E7624B984208D022D8A3F6FC73984216
:10B1200003D003F6FC339842DAD1FDF78DFE0028F8
:10B13000D6D0FDF791FE0446594BD3F8E43003F026
:10B140004053B3F1005F00F09D8000F28F80002B30
:10B1500000F09380B3F1805FC2D1FFF7D9FB8EE09E
:10B16000504BE0E7504B98424AD036D8A3F5803395
:10B17000984229D01CD8A3F57043043B984208D0CC
:10B1800012D8A3F6FC73984203D003F6FC3398421E
:10B19000A6D1FDF76BFE0028A2D0FDF76FFE404B55
:10B1A0000446D3F8F830CAE7404B20F48060EEE75D
:10B1B0003F4B984208D00ED8A3F54063984203D085
:10B1C00003F5806398428BD1FDF7F2FD003818BF7C
:10B1D0000120C00385E7374BF4E7374B984225D071
:10B1E00017D8A3F56843043B984209D00FD8A3F5BC
:10B1F0004063984204D003F5806398427FF470AFB7
:10B20000FDF7CEFD00283FF46BAF2C4869E72C4BCF
:10B21000F3E72C4B984209D013D8A3F5406398422A
:10B2200004D003F5806398427FF45AAFFDF7B0FD78
:10B2300000283FF455AF1A4B23489B6CC3F3C1134E
:10B2400009E0224BEFE7FDF727FDFDF733FE144B36
:10B250005B6A03F00703D84043E7FDF71DFDFDF7E8
:10B2600029FE0F4B5B6AC3F30213F4E7B3F1405FAF
:10B270007FF436AFFFF7CCFB01E0FFF709FBB0FB33
:10B28000F4F02EE7FFF784FBF9E700BF301C02075C
:10B2900034000007301C0107301801073010020786
:10B2A00000800256301802073400050730180307E3
:10B2B00030180407301C04073400060700093D005D
:10B2C000301C0507301806070090D003301C060715
:10B2D00010B5FDF787FD8B4B984255D065D8A3F587
:10B2E0003C33984200F0CA801ED8A3F540639842D0
:10B2F00000F0BA800AD8A3F5006398420BD003F59A
:10B300008063984200F0B080002010BD7E4B20F496
:10B3100080609842F8D1FDF7BFFCFDF7CBFD7B4B79
:10B320005B6AC3F30213A7E0794B984200F0AF8049
:10B330001DD8A3F5784398420AD00DD8A3F5006331
:10B34000984205D020F40060A3F580639842DBD1D9
:10B35000BDE81040FFF79CBB6E4B9842F8D003F558
:10B360006C43984200F09380A3F57043EEE76A4B7C
:10B37000984209D013D8A3F50063984200F0878063
:10B3800003F580639842BFD1FDF75EFD0028BBD076
:10B39000FDF762FD5D4B0446D3F8E43082E05F4B7D
:10B3A000984274D003F56C43ECE75D4B984243D070
:10B3B00030D8A3F5FA339842E6D008D820F480625A
:10B3C000A3F500639A427BD0A3F58063DAE7554B7F
:10B3D00098420DD014D8A3F50063984208D00DD838
:10B3E000A3F50063984203D003F5806398428BD1A4
:10B3F000FDF7D6FC002887D04B4886E74B4BF5E796
:10B400004B4B984218D003F58063984214D0A3F5B3
:10B410007043EBE7474B98426DD01ED8A3F54063CD
:10B42000984218D020F4806311D8434A934203D045
:10B43000424B98427FF468AFFDF7AAFC00283FF426
:10B4400063AF324B3E489B6CC3F3C11314E03D4ADB
:10B4500093427FF459AF3C4857E73C4B98424AD05F
:10B4600003F580639842F4E7FDF716FCFDF722FD33
:10B47000264B5B6A03F00703D84046E7FDF70CFC58
:10B48000FDF718FD214B5B6AC3F30233F4E7FDF7C8
:10B49000C9FC00283FF438AFFDF7CCFC04461B4B39
:10B4A000D3F8E03003F04053B3F1005F20D013D85D
:10B4B000CBB1B3F1805F7FF427AFFFF729FA14E037
:10B4C000FDF7D4FC00283FF41FAFFDF7D7FC0F4B6E
:10B4D0000446D3F8F830E5E7B3F1405F7FF414AFEA
:10B4E000FFF796FA01E0FFF7D3F9B0FBF4F00CE7B1
:10B4F000FFF74EFAF9E7FDF743FC00283FF404AFED
:10B50000134802E7200803072010000700800256B6
:10B51000200802072018010720140207201802073C
:10B52000200C05072014040700093D002010040723
:10B53000200405072010060720100507201805071E
:10B540000090D003200806070080BB0020140607E7
:10B55000006CDC0210B5FDF745FC4B4B984250D017
:10B560003FD8A3F50033984221D015D8A3F58033F6
:10B5700098420DD009D8A3F58033984254D003F5F2
:10B580008063984250D0002010BD404B9842FAD1C1
:10B59000BDE81040FFF77CBA3D4B98424ED003F512
:10B5A000806398424AD0A3F580339842EBD1FDF7EF
:10B5B00027FC0028E7D0FDF72BFC0446354BD3F8D9
:10B5C000DC3003F04053B3F1005F4BD041D8002B87
:10B5D00045D0B3F1805FD6D1FFF79AF9B0FBF4F014
:10B5E000D2E72D4B98421DD011D8A3F58033984255
:10B5F0003BD003F58063984237D0A3F5803398425F
:10B60000C1D1FDF7CDFB0028BDD02448BCE7244BB9
:10B61000984234D003F58063984230D0A3F580334C
:10B620009842B0D11F48AFE7FDF736FBFDF742FC6B
:10B63000184B5B6AC3F30213D840A5E7FDF7F2FB92
:10B640000028A0D0FDF7F6FB124B0446D3F8E030FB
:10B65000B7E7B3F1405F96D1FFF7DAF9BEE7FFF73E
:10B6600017F9BBE7FFF794F9B8E7FDF791FB00285E
:10B6700089D0084B0C489B6CC3F3C113DCE7BDE8D1
:10B680001040FFF78BBA00BF181404071818010701
:10B6900018140307008002561814060700093D001D
:10B6A000181407070080BB000090D00310B5FDF709
:10B6B00099FB3F4B984261D031D8A3F5FE339842B5
:10B6C00058D00DD8A3F58033984249D003F57C4378
:10B6D00098424FD0A3F58033984241D0002010BD4E
:10B6E000344B20F480609842F8D1334BD3F8402299
:10B6F0009205F3D5D3F8E800D3F8E830C0F307405B
:10B70000441C03F04053B3F1005F4DD041D8002BEF
:10B7100045D0B3F1805FE1D1FFF7FAF841E0274B64
:10B72000984208D00DD8A3F58033984226D003F56F
:10B730007C439842D2D1FDF733FB0028CED020487D
:10B74000CDE7204B20F480609842C7D1FDF720FB65
:10B750000028C3D0184B1C489B6CC3F3C11307E0EF
:10B76000FDF79AFAFDF7A6FB134B5B6A03F007039C
:10B77000D840B4E7BDE81040FFF78AB9FDF788FB71
:10B780000028ABD0FDF78CFB0B4B0446D3F8FC3004
:10B79000B7E7B3F1405FA1D1FFF73AF901E0FFF756
:10B7A00077F8B0FBF4F09AE7FFF7F2F8F9E700BF9B
:10B7B0000C1003070C100207008002560C1404073B
:10B7C00000093D000C1005070090D00310B5FDF7EF
:10B7D00009FB2E4B98421DD013D8A3F58033984215
:10B7E0000BD007D820F48060A3F5803398422BD08B
:10B7F000002010BD264B9842FAD1BDE81040FFF75B
:10B8000047B9244B20F480629A4223D0A3F57C43AD
:10B810009842EDD1204BD3F8400210F00800E8D058
:10B82000D3F8D000D3F8D030C0F30740441C03F065
:10B830004053B3F1005F26D01AD8FBB1B3F1805F5B
:10B84000D6D1FFF765F81BE0FDF726FABDE81040FA
:10B85000FDF730BB104BD3F8400210F01000C8D0F9
:10B86000D3F8D400D3F8D430C0F30740441CDEE74B
:10B87000B3F1405FBCD1FFF7CBF801E0FFF708F868
:10B88000B0FBF4F0B5E7FFF783F8F9E71C0002031B
:10B890001C0401031C0003030080025610B5FDF7D1
:10B8A000A1FA514B984256D044D8A3F5FC339842A4
:10B8B00012D015D8A3F57C4398427CD020F4806345
:10B8C00007D84A4A934276D0494B984273D0002019
:10B8D00010BD484A9342FAD1BDE81040FFF7D8B8EE
:10B8E000454B984208D021D8A3F578439842F3D02D
:10B8F00003F574439842EAD1404BD3F840229205B5
:10B90000E5D5D3F8E800D3F8E830C0F30740441C8D
:10B9100003F04053B3F1005F63D056D8002B5BD0E7
:10B92000B3F1805FD3D1FEF7F3FF57E0344B20F43F
:10B930008060DFE7334B98421DD022D8A3F57C43CB
:10B94000984208D012D8A3F50063984203D003F5BB
:10B9500080639842BBD1FDF79BFA0028B7D0FDF772
:10B960009FFA264B0446D3F8FC30D1E7264B20F44F
:10B9700080609842ABD1FDF713FA0028A7D0234886
:10B98000A6E7234B984208D011D8A3F578439842F4
:10B99000F1D003F57443984299D1FDF7F9F90028E5
:10B9A00095D0164B1B489B6CC3F3C1130BE01A4B8D
:10B9B00020F48060EFE7FDF76FF9FDF77BFA0F4B9E
:10B9C0005B6A03F00703D84082E7B3F1405F7FF47E
:10B9D0007EAFFFF71DF801E0FEF75AFFB0FBF4F071
:10B9E00076E7FEF7D5FFF9E70C0003070C00000728
:10B9F0000C0800070C0001070C0402070080025627
:10BA00000C0802070C0804070C00040700093D009D
:10BA10000C0405070090D0030C08050710B5FDF7CE
:10BA2000E1F9644B98423AD051D8A3F5FE339842DD
:10BA300000F0A88013D8A3F54063984200F09880E6
:10BA4000013B984209D903F20143984200F09A80E1
:10BA500003F58063984200F09580002010BD564B9E
:10BA6000984215D008D820F48062A3F500639A426A
:10BA70000ED0A3F57043EDE7504B98420FD00BD892
:10BA8000A3F57443984203D003F580639842E4D150
:10BA9000BDE81040FEF7FCBF494B9842DDD1FDF7F1
:10BAA000F7F90028D9D0FDF7FBF9464B0446D3F847
:10BAB000FC3003F04053B3F1005F78D06BD8002B1B
:10BAC00070D0B3F1805FC8D1FEF722FF6CE03E4B2F
:10BAD000984234D024D8A3F57C4398420FD015D88F
:10BAE000A3F5006398420AD006D8A3F574439842A0
:10BAF000D5D003F58063D0E7344B9842ADD1FDF744
:10BB000057F9003818BF0120C003A7E7304B98420F
:10BB1000F5D003F57043984211D0A3F57443ECE7D8
:10BB20002C4B984215D01BD8A3F57443984206D0ED
:10BB30000CD820F48060A3F5006398428DD1214B8E
:10BB40005B68DB0789D54FF4FA4087E7224B9842C0
:10BB500083D1FDF7A1F81B4B5B6AC3F301630FE0D0
:10BB60001E4B20F480629A42F3D003F50063EEE7A7
:10BB7000FDF792F8FDF79EF9124B5B6A03F007039D
:10BB8000D8406BE7FDF788F8FDF794F90D4B5B6A39
:10BB9000C3F30233F4E7B3F1405F7FF45EAFFEF727
:10BBA00037FF01E0FEF774FEB0FBF4F056E7FEF756
:10BBB000EFFEF9E72C1002072C1001072C080207F2
:10BBC0002C0C0207008002562C0C04072C0C0307D7
:10BBD0002C1803072C0C05072C0805072C1005074B
:10BBE00038B500F160430B4300F06284BA4B9842D1
:10BBF00071F1000380F0DD80A0F580330B4300F08D
:10BC00005583B0F1011F71F100036AD2A0F50073F2
:10BC10000B4300F0B38240F20123984271F100031C
:10BC200024D2092871F1000315D250EA01031BD078
:10BC3000013841F1FF31082871F1000114D20728C1
:10BC400012D8DFE810F09C010A021100590211001D
:10BC5000110011002802A0F110030B4300F03C82F8
:10BC60002038084300F06482002034E2A0F500533D
:10BC70000B4300F0178342F20103984271F1000375
:10BC800024D2A0F500630B4300F0DD82A0F58053C1
:10BC90000B4300F00283A0F580600843E4D18F4D90
:10BCA000D5F84C3103F00303022B00F0BF82032BC5
:10BCB00000F05082012B00F01F82FCF7EDFFFDF732
:10BCC000F9F86B6A03F00703D84004E2A0F580435B
:10BCD0000B4300F0E982A0F500400843C4D180483E
:10BCE000DCE2A0F500030B4300F0F0827D4B9842AC
:10BCF00071F1000324D2A0F580130B4300F0E2821F
:10BD0000794B984271F100030FD2A0F580230B43C9
:10BD100000F0D182A0F500230B4300F0D182A0F502
:10BD200000300843A0D17148C1E2A0F500130B43D5
:10BD300000F0CA82A0F58000084395D16C48BBE2B0
:10BD400000F17C430B4300F061836A4B984271F130
:10BD500000031FD200F17F430B4300F0FC8200F18F
:10BD60007E40084380D15D4DD5F8543103F4E02383
:10BD7000B3F5802F00F0888100F22D83B3F5003FEA
:10BD800000F0338300F21883002B00F07781B3F5C5
:10BD9000803FAFE100F178430B4300F0688300F18E
:10BDA000704008437FF460AF5348BDE83840FFF768
:10BDB000D1BB00234FF48052914208BF984200F05B
:10BDC000938383428A415FD31022914208BF9842F5
:10BDD00000F07D8383428A4129D30222914208BF29
:10BDE000984200F06D8383428A4114D3994208BF80
:10BDF000B0F1004F00F05E83012908BF984200F0C7
:10BE00005B8300F1404008437FF42EAF3B48BDE820
:10BE10003840FFF7DBBC042908BF984200F0558387
:10BE2000082908BF98427FF41FAF354849E34FF413
:10BE30000072914208BF984200F0528383428A41C7
:10BE400011D3402908BF984200F04383B1F5807FA9
:10BE500008BF984200F03F83202908BF00287FF4E4
:10BE600003AF28482DE3B1F5806F08BF984200F07A
:10BE70003983B1F5006F08BF98427FF4F5AE2248D0
:10BE8000BDE83840FFF70CB94FF40022914208BFDB
:10BE9000984200F0658383428A414AD34FF480324E
:10BEA000914208BF984200F0258383428A412FD3F4
:10BEB000B1F5804F08BF984200F01883B1F5004FEC
:10BEC00008BF984200F01483B1F5005F08BF002856
:10BED0007FF4CAAE0D48FFE2010000200080025648
:10BEE0000C0C000701008000010010000C1400077A
:10BEF0002C18000701000004181400071C000003A0
:10BF0000200C000720140007300C00073014000735
:10BF1000B1F5003F08BF984200F0EE82B1F5802FE6
:10BF200008BF98427FF4A0AEB248BDE83840FEF7A3
:10BF30007FBF4FF48002914208BF984200F0178300
:10BF400083428A410DD3B1F5801F08BF984200F0AB
:10BF50000C83B1F5001F08BF98427FF485AEA64858
:10BF6000FFE2B1F5000F08BF984200F00583B1F180
:10BF7000807F08BF98427FF477AEA048F8E2A04DDA
:10BF8000D5F8443103F07003402B58D01BD8202B38
:10BF900031D00CD83BB3102B2AD00020984BD3F8CB
:10BFA0004431C3F307230133B0FBF3F093E0302BAC
:10BFB000F3D1FCF737FF0028EFD0FCF73BFFD5F8B3
:10BFC000E030044620E0602B45D0702B3DD0502B54
:10BFD000E3D1FCF7DDFE0028DFD0AB6C8948C3F36A
:10BFE000C113D840DAE7FCF757FEFCF763FFD5E74B
:10BFF000FEF74EFDD2E7FCF703FF0028CDD0FCF79B
:10C0000007FF0446D5F8DC3003F04053B3F1005F7E
:10C0100012D008D86BB1B3F1805FBED1FEF778FCC7
:10C02000B0FBF4F0BAE7B3F1405FB6D1FEF7F0FC35
:10C03000F6E7FEF72DFCF3E7FEF7AAFCF0E7FCF7C6
:10C04000AFFE0028A9D07048A8E7FCF725FE6B6A70
:10C05000C3F30163C5E76D48A0E7694DD5F84431E6
:10C0600003F00703013B062B08D8DFE813F0450077
:10C07000BE01A9010D004D008702C901FCF70CFEAD
:10C08000BDE83840FCF716BFFCF78AFE00283FF4F5
:10C09000EBAD5D481FE05A4BD3F8402295037FF586
:10C0A000E3ADD3F80801D3F80831C0F30740441CCE
:10C0B00003F04053B3F1005F00F0D68100F2CA8173
:10C0C000002B00F0CE81B3F1805F7FF4CDADFEF7A1
:10C0D0001FFCB0FBF4F038BD494DD5F8443103F4F2
:10C0E0004013B3F5001F16D00AD8002B00F04F8183
:10C0F000B3F5801F7FF4B8ADBDE83840FEF7C8BC8B
:10C10000B3F5401F7FF4B0ADFCF742FE00283FF4CA
:10C11000ABADAB6C37E1D5F84032DC037FF5A4ADB5
:10C12000D5F80401D5F80431C0F30740441CBFE73B
:10C13000334AD2F8483103F44053B3F5005F10D0CE
:10C1400004D8002B9AD0B3F5805FD3E7B3F5405FF6
:10C150007FF48AADFCF714FE00283FF485AD2C482F
:10C16000B9E7D2F8403218057FF57EADD2F8F0007D
:10C17000D2F8F030C0F30740441C99E7204AD2F8C7
:10C18000483103F00303022B10D0032B48D0012BBE
:10C1900009D0FCF781FDFCF78DFE194BD3F848312F
:10C1A000C3F30313FFE6FEF773FCF6E7D2F8403261
:10C1B000D90411D5D2F8F400D2F8F430C0F3074016
:10C1C00003F04053B3F1005F00F1010425D005D81E
:10C1D00053B1B3F1805F1DD00020DEE7B3F1405FC3
:10C1E000FAD1FEF715FC01E0FEF752FBB0FBF4F0CC
:10C1F000D3E700BF14100001141400031408000357
:10C20000008002560090D00300093D000080BB0072
:10C21000006CDC02FEF77CFBE8E7FEF7B9FBE5E724
:10C22000FCF7AEFD0028D7D0B448B6E7D5F84032C9
:10C230005B037FF519ADD5F80C01D5F80C31C0F3CF
:10C240000740441C34E7AE4BD3F84C2102F03002D7
:10C25000202A15D004D8002A3FF410AF102A49E74D
:10C26000302A7FF401ADD3F8402214077FF5FCACEF
:10C27000D3F8D000D3F8D030C0F30740441C17E700
:10C28000D3F8402255077FF5EFACD3F8CC00D3F8B4
:10C29000CC30C0F30740441C0AE79A48BDE8384058
:10C2A000FFF7FCBA9848F9E79848F7E79848BDE8DF
:10C2B0003840FFF7FBB99748BDE83840FFF7AEBB01
:10C2C0009548F9E79548F7E79548F5E78C4AD2F89D
:10C2D000783103F4E063B3F5407F31D012D8B3F581
:10C2E000807F3FF409AFB3F5007F1DD0002B7FF4B2
:10C2F000BBACFCF7D1FCFCF7DDFD814B5B6AC3F303
:10C300000233E1E4B3F5A06F3FF4BEAEB3F5C06F06
:10C3100032D0B3F5806F7FF4A7ACFCF749FD00384D
:10C3200018BF0120C003D6E6FCF78EFD00283FF4BD
:10C330009BACFCF791FD724B0446D3F8E430B7E6B2
:10C34000FCF794FD00283FF48FACFCF797FDD2F882
:10C35000F8300446ACE66A4DD5F8503103F040732E
:10C36000B3F1007F1BD003D88BB1B3F1807FC1E65E
:10C37000B3F1407F7FF478ACFCF70AFD00283FF46E
:10C3800073AC5F4B9B6C6748C3F3C1139CE4FCF731
:10C3900083FCFCF78FFD6B6AC3F3024394E4D5F88A
:10C3A000403218047FF560ACD5F80001D5F80031B3
:10C3B000C0F30740441C7BE6B3F5403F7FF454AC28
:10C3C000FCF730FD00283FF44FACFCF733FDD5F807
:10C3D000E03004466CE6B3F5C02F00F0CF80B3F533
:10C3E000E02F0DD0B3F5A02F8CE6FCF709FD002857
:10C3F0003FF43AACFCF70CFDD5F8DC30044657E6C8
:10C40000FCF74AFC6B6AC3F301635DE43C4AD2F873
:10C410005C3103F03003202B0FD004D8002B3FF405
:10C420002DAE102B66E6302B7FF41EACFCF7B0FC73
:10C4300000283FF419AC936CA5E7D2F840321903F9
:10C440007FF512ACD2F81001D2F81031C0F30740DA
:10C45000441C2DE6B3F1405F7FF406ACFEF7D8FA3A
:10C4600037E6FEF715FA34E6FEF792FA31E6244A8B
:10C47000D2F85C3103F44073B3F5007F05D0B3F517
:10C48000407F09D0B3F5807F45E75368DB077FF530
:10C49000EBAB4FF4FA401EE6FCF772FC00283FF4C9
:10C4A000E3ABD2F85C311548C3F3053301337BE5C8
:10C4B0001D487AE41D48AAE4BDE83840FEF76EBB8B
:10C4C0001B48BDE83840FEF703BF1A48F9E71A4891
:10C4D000F7E71A48F5E71A48BDE83840FEF7DABC36
:10C4E0001848F9E71848F7E71848C9E41848C7E4B6
:10C4F0001848C5E41848C3E41848EDE7006CDC02AE
:10C50000008002560C0000070C0400070C0800070E
:10C510000C1000072C0800072C0C00072C1000073B
:10C520002C1400070090D003181800071C04000307
:10C53000200400072008000720100007201800072B
:10C5400030000007300400073008000730100007F3
:10C5500030180007301C00073400000734040007BF
:10C560000748BDE83840FEF7F9BB0648DDE4064859
:10C57000BDE83840FEF776BB0448F9E70448AAE571
:10C58000140C000314180001140000031404000329
:10C590000080BB000B6893FAA3F3B3FA83F2800028
:10C5A00000F1A84000F51030D0F8103C496823F4A1
:10C5B0005C7343EA012343EA0213C0F8103C70475E
:10C5C00037B50124030F9B0003F1A84303F5103393
:10C5D0001A6900F01F000192019A844022EA0402C5
:10C5E0000192019D01F0010282402A430192019AC9
:10C5F000C1F340011A611A6B81400192019A22EA4B
:10C6000004020192019A11430191019A1A6303B045
:10C6100030BD000010B5026852E8003F23F490736B
:10C6200042E8003102680029F5D10F4C02F10803FD
:10C6300053E8003F234002F1080C4CE80031002988
:10C64000F4D1C36E012B07D152E8003F23F0100351
:10C6500042E800310029F7D12023C0F88C300023B4
:10C66000C366436710BD00BFFEFFFFEF7047704712
:10C6700008B50023C06DA0F85E30FFF7F8FF08BDD5
:10C68000704700002DE9F04140F60F0603680446AC
:10C69000D9691A6831429D6810D18E0640F19780A1
:10C6A00002F0200605F080573E4300F09080436F73
:10C6B000002B00F08580BDE8F0411847A84EA9483E
:10C6C0002E401040304300F08280CF0709D5D005BE
:10C6D00007D501201862D4F8900040F00100C4F89A
:10C6E00090008F0709D5E80707D502201862D4F813
:10C6F000900040F00400C4F890004F0709D5E80707
:10C7000007D504201862D4F8900040F00200C4F865
:10C7100090000F070BD502F02000304307D008200F
:10C720001862D4F8900040F00800C4F890000E059C
:10C730000AD5500108D54FF400601862D4F8903043
:10C7400043F02003C4F89030D4F89030002B37D059
:10C750008B0609D502F0200205F080552A4303D04C
:10C76000636F0BB1204698472668D4F89020B368D1
:10C7700002F0280203F0400353EA0205204621D0CC
:10C78000FFF748FFB3685F0617D5226802F1080378
:10C7900053E8003F23F04003083242E8003100290B
:10C7A000F3D1D4F8800040B16F4BC366FAF718F9A3
:10C7B00030B1D4F88000C36E7DE72046FFF757FF05
:10C7C000BDE8F081FFF753FFC4F89050F8E7E06E42
:10C7D000012840F08D80CE0640F18A80D00640F1DD
:10C7E000878010221A629968B4F85C20490651D5F6
:10C7F000D4F880000168896C89B2002942D0914246
:10C8000040D2026DA4F85E10812A2FD053E8002F89
:10C8100022F4807243E800210029F7D103F10802D5
:10C8200052E8002F22F0010203F1080040E8002145
:10C830000029F3D103F1080252E8002F22F0400250
:10C8400003F1080040E800210029F3D12022C4F8B8
:10C850008C20E16653E8002F22F0100243E800210B
:10C860000029F7D1D4F88000FAF770F80223236783
:10C87000B4F85E30B4F85C10C91A89B22046FFF7EC
:10C88000FFFE9DE791429BD1036D812B98D102233E
:10C890002367F3E7B4F85E10B4F85E0089B280B2A3
:10C8A00000288DD0521A91B2002989D053E8002F68
:10C8B00022F4907243E800200028F7D12B4D03F1B9
:10C8C000080252E8002F2A4003F1080646E800203B
:10C8D0000028F4D120226067C4F88C20E06653E879
:10C8E000002F22F0100243E800200028F7D1CEE705
:10C8F000CF0209D56E0207D54FF480122046BDE85D
:10C90000F0411A6200F016BE08060BD502F0800056
:10C9100005F40005284305D0A36F002B3FF450AF6A
:10C920002046C8E64F0611D556060FD553E8002F0E
:10C9300022F0400243E800210029F7D120232046BD
:10C94000C4F88830A167FFF791FE39E70D020FD5D3
:10C9500050000DD52046BDE8F04100F0EDBD00BF10
:10C96000010000102001000471C61070FEFFFFEFEF
:10C97000CB017FF525AF002ABFF622AF2046BDE8E8
:10C98000F04100F0D8BD00BFD0F88C2008B5222AB5
:10C99000B0F86010036858D15B6A826D0B40137069
:10C9A000836D01338365B0F85E30013B9BB2A0F824
:10C9B0005E30B0F85E309BB2002B45D1026852E881
:10C9C000003F23F4907342E8003103680029F5D159
:10C9D00003F1080252E8002F22F0010203F1080CD3
:10C9E0004CE800210029F3D12022C0F88C20194AFC
:10C9F00041679342016705D1C26E012A11D0F9F750
:10CA00002BFE21E0144A9342F6D05A681102F3D566
:10CA100053E8002F22F0806243E800210029F7D17B
:10CA2000EAE70022C26653E8002F22F0100243E832
:10CA300000210029F7D1DA69B0F85C10D20644BFB2
:10CA400010221A62FFF71CFE08BD9A6942F0080224
:10CA50009A61F9E7000C0056000C0046D0F88C20D3
:10CA600008B5222AB0F86010036855D15A6A1140FF
:10CA7000826D22F8021B8265B0F85E20013A92B204
:10CA8000A0F85E20B0F85E2092B2002A43D153E8AD
:10CA9000002F22F4907243E800210029F7D103F11E
:10CAA000080252E8002F22F0010203F1080C4CE8C2
:10CAB00000210029F3D12022C0F88C20194A4167B7
:10CAC0009342016705D1C26E012A11D0F9F7C4FD66
:10CAD00021E0154A9342F6D05A681102F3D553E883
:10CAE000002F22F0806243E800210029F7D1EAE715
:10CAF0000022C26653E8002F22F0100243E8002112
:10CB00000029F7D1DA69B0F85C10D20644BF1022D0
:10CB10001A62FFF7B5FD08BD9A6942F008029A61F2
:10CB2000F9E700BF000C0056000C004603682DE931
:10CB3000F047DD69D3F800809E68D0F88C20044669
:10CB4000222AB0F8607040F0BA80B0F86830002B4C
:10CB500000F090804FF000094FF0040A06F0010643
:10CB6000AB0640F187802368A26D5B6A3B4013707F
:10CB7000A36D0133A365B4F85E30013B9BB2A4F80A
:10CB80005E302368DD6968072AD0E9070AD518F402
:10CB9000807F07D001221A62D4F8902042F001026F
:10CBA000C4F89020AA0708D53EB102221A62D4F830
:10CBB000902042F00402C4F89020680708D53EB1E6
:10CBC000C3F820A0D4F8903043F00203C4F89030AA
:10CBD000D4F8903023B12046FFF749FDC4F8909077
:10CBE000B4F85E309BB2002BBAD1226852E8003F05
:10CBF00023F4807342E8003123680029F5D13248DC
:10CC000003F1080252E8002F024003F1080545E84D
:10CC100000210029F4D12022C4F88C202B4A61671E
:10CC2000934221670ED002F1704293420AD05A68B3
:10CC3000110207D553E8002F22F0806243E800215B
:10CC40000029F7D1E26E012A35D10022E26653E8CD
:10CC5000002F22F0100243E800210029F7D1DA6901
:10CC60002046D20648BF1022B4F85C1048BF1A62B2
:10CC7000FFF706FDB4F85E309BB2D3B1B4F868207C
:10CC80009A4216D9226802F1080353E8003F23F0C4
:10CC90008053083242E8003122680029F2D10C4B5F
:10CCA000636752E8003F43F0200342E80031002967
:10CCB000F7D1BDE8F0872046F9F7CEFCDAE79A69AC
:10CCC00042F008029A61F4E7FEFFFFEF000C005605
:10CCD00089C9107003682DE9F047DD69D3F8008039
:10CCE0009E68D0F88C200446222AB0F8607040F08C
:10CCF000B880B0F86830002B00F08E804FF000094B
:10CD00004FF0040A06F00106AB0640F18580236867
:10CD1000A26D596A394022F8021BA265B4F85E2060
:10CD2000013A92B2A4F85E20DD6968072AD0E907CB
:10CD30000AD518F4807F07D001221A62D4F8902017
:10CD400042F00102C4F89020AA0708D53EB10222A1
:10CD50001A62D4F8902042F00402C4F890206807C8
:10CD600008D53EB1C3F820A0D4F8903043F00203B8
:10CD7000C4F89030D4F8903023B12046FFF777FC08
:10CD8000C4F89090B4F85E309BB2002BBCD12268FE
:10CD900052E8003F23F4807342E800312368002901
:10CDA000F5D1324803F1080252E8002F024003F1A6
:10CDB000080545E800210029F4D12022C4F88C2080
:10CDC0002B4A6167934221670ED002F17042934271
:10CDD0000AD05A68110207D553E8002F22F080626A
:10CDE00043E800210029F7D1E26E012A35D1002263
:10CDF000E26653E8002F22F0100243E800210029E8
:10CE0000F7D1DA692046D20648BF1022B4F85C1088
:10CE100048BF1A62FFF734FCB4F85E309BB2D3B15E
:10CE2000B4F868209A4216D9226802F1080353E840
:10CE3000003F23F08053083242E800312268002985
:10CE4000F2D10C4B636752E8003F43F0200342E805
:10CE500000310029F7D1BDE8F0872046F9F7FCFB47
:10CE6000DAE79A6942F008029A61F4E7FEFFFFEF01
:10CE7000000C00565DCA1070F8B504462169A2681E
:10CE800003680A436169C5690A43186878492A43F7
:10CE900001400A431A605A68E16822F440520A438A
:10CEA0005A60744AA169934205D002F170429342DC
:10CEB0001CBF226A11439A6822F06E4222F430624B
:10CEC0000A439A60DA6A616A22F00F020A43DA6260
:10CED000694A934269D0694A934200F08B8002F517
:10CEE0008062934200F08A8002F58062934200F0F3
:10CEF0008980B3F1502F00F08980614A934200F09D
:10CF00008980604A934200F0898002F580629342F2
:10CF100000F088805C4A934200F0888002F58062CD
:10CF2000934200F08780534A93421DD002F1704231
:10CF300093424FF000004FF0000139D1FEF750FE50
:10CF400088B3616A514A656832F8112005EB4501E2
:10CF5000B0FBF2F399420BD901204FF00113A36605
:10CF60000023C4E91D33F8BD4FF400000021E5E7BC
:10CF7000B3EB053FF0D800231946F3F72BFD064627
:10CF80000F4656EA0F27680830182A464FF000036C
:10CF900047F10001F3F71EFD3D4BA0F540729A42A8
:10CFA000DAD82368D8600020D7E700204FF48071DA
:10CFB000B5F5004F42D1FEF713FE0028F3D0616AA9
:10CFC000324B626833F81130B0FBF3F0530803EBD7
:10CFD0004003B3FBF2F34FF6EF72A3F1100191425D
:10CFE000BAD823F00F02216892B2C3F3420313436D
:10CFF000CB60D8E700204FF40071D9E700204FF450
:10D000008061D5E700204FF40061D1E700204FF4A4
:10D010008051CDE700204FF40051C9E700204FF4C4
:10D020008041C5E700204FF40041C1E700204FF4E4
:10D030008031BDE700204FF40031B9E7FEF7D0FDA5
:10D040000028B0D0616A114B626833F81130B0FB30
:10D05000F3F303EB5203B3FBF2F34FF6EF72A3F1DA
:10D06000100191423FF678AF2268D3609BE700BF82
:10D07000F369FFCF000C005600100052004400502E
:10D08000001400520078005000180052E6AE1170F3
:10D09000FFFC0F00836A10B51A0706D50168846B80
:10D0A0004A6822F4004222434A60DC0706D5016840
:10D0B000C46A4A6822F4003222434A60990706D5BE
:10D0C0000168046B4A6822F4803222434A605A079E
:10D0D00006D50168446B4A6822F4802222434A60E4
:10D0E000DC0606D50168C46B8A6822F480522243AC
:10D0F0008A60990606D50168046C8A6822F4005299
:10D1000022438A605A0610D50168446C4A68B4F517
:10D11000801F22F4801242EA04024A6005D14A6864
:10D12000846C22F4C00222434A601B0606D50268C2
:10D13000C16C536823F400230B43536010BD2DE9E9
:10D14000F84304460D4617469846DDF820902268BD
:10D15000D36935EA03030CBF01230023BB4201D08E
:10D16000002022E0B9F1FF3FF2D0F9F76FFBA0EB0E
:10D170000800484529D8B9F1000F26D021680B686E
:10D180005A07E4D5802DE2D0402DE0D0CE6916F0CC
:10D1900008060CD0082520460D62FFF73BFA002355
:10D1A0000120C4F8905084F88430BDE8F883CB693E
:10D1B0001B05CCD54FF4006320460B62FFF72AFA1B
:10D1C000202384F88460C4F890300320EDE72DE933
:10D1D000F7431F46D0F888300446202B0D461646EC
:10D1E00048D1002948D0002A46D021234FF0000919
:10D1F000C0F89090C0F88830F9F728FBA368A4F82D
:10D200005460B3F5805FA4F8566080464E4604D162
:10D2100023694B4504BF2E461D46B4F856204346AD
:10D2200092B2009742B940212046FFF788FF2023A1
:10D2300048B9C4F8883009E0002280212046FFF771
:10D240007EFF30B120230320C4F8883003B0BDE84E
:10D25000F08322685DB936F8023BC3F3080393629A
:10D26000B4F85620013A92B2A4F85620D5E715F842
:10D27000013BF4E70220E9E70120E7E773B5002668
:10D280000446C0F89060F9F7E1FA236805461B6888
:10D290001A071CD56FF07E43324600934FF40011FD
:10D2A00003462046FFF74BFF88B1226852E8003F53
:10D2B00023F0800342E800310029F6D12023C4F88E
:10D2C00088300320002384F8843002B070BD2368C6
:10D2D0001B685B0724D56FF07E43002200934FF458
:10D2E00080012B462046FFF72AFFC8B1226852E88A
:10D2F000003F23F4907342E8003122680029F5D101
:10D3000002F1080353E8003F23F0010302F1080093
:10D3100040E800310029F3D12023C4F88C30D0E755
:10D3200020230020C4F88830C4F88C30E0662067E1
:10D33000C8E710B5044650B3D0F888301BB980F860
:10D340008430F7F7EDF924232268C4F88830136895
:10D3500023F001031360A36A13B12046FFF79AFE7E
:10D360002046FFF789FD012811D023682046BDE83B
:10D3700010405A6822F490425A609A6822F02A02B9
:10D380009A601A6842F001021A60FFF777BF012025
:10D3900010BD0000002330B581658168A0F85C20D5
:10D3A000B1F5805FA0F85E20436735D10369002B9B
:10D3B00040F2FF1318BFFF23A0F860300023C0F82D
:10D3C00090302223C0F88C30016801F1080353E843
:10D3D000003F43F00103083141E800340368002CAA
:10D3E000F2D1456E8468B5F1005F016934D1B0F8BF
:10D3F0006850954230D8B4F5805F1DD1254C002986
:10D40000254A08BF22464267C1B153E8002F42F4C3
:10D41000807243E80021F7E729B90369002B14BFA4
:10D420007F23FF23C8E7B1F1805FC5D10369002BDB
:10D4300014BF3F237F23BFE7174AE4E703F1080245
:10D4400052E8002F42F0805203F1080040E800212A
:10D450000029F3D1002030BDB4F5805F0FD10F4C0F
:10D4600000290F4A08BF2246426751B153E8002FF6
:10D4700042F4907243E800210029F7D1EAE7084A14
:10D48000F2E753E8002F42F0200243E80021002990
:10D49000F7D1DFE7D5CC10702DCB10705DCA1070BE
:10D4A00089C91070D0F88C3030B4202B19D1D9B183
:10D4B000D2B100230D4CC3660368A3420ED004F121
:10D4C0007044A3420AD05C68240207D553E8004F99
:10D4D00044F0806443E80045002DF7D130BCFFF7ED
:10D4E00059BF022030BC70470120FBE7000C0056FA
:10D4F000436E30B52BB90123A0F86A30A0F868302C
:10D5000030BD0368094D9A689968094C490F6B5CF6
:10D51000615C1B01B3FBF1F3C2F34262A0F86A3015
:10D52000AB5CA25C1B01B3FBF2F3E7E706AF117043
:10D53000FEAE117070477047704790F88430012B31
:10D5400014D024230268C0F888301168136821F0D1
:10D55000005123F001031360002343661160202271
:10D5600080F88430C0F88820184670470220704741
:10D5700070B590F884300446012B17D02423056839
:10D58000C0F888302E682B6823F001032B60AB684D
:10D5900023F060431943A960FFF7AAFF20232E6000
:10D5A000C0F88830002084F8840070BD0220FCE7B9
:10D5B00070B590F884300446012B17D024230568F9
:10D5C000C0F888302E682B6823F001032B60AB680D
:10D5D00023F060631943A960FFF78AFF20232E60C0
:10D5E000C0F88830002084F8840070BD0220FCE779
:10D5F000F7B51D4D1D4C1E4E69462846F9F76AFFCA
:10D6000008B103B0F0BD0099E36820680B638B6834
:10D6100001919A8957BA082A378003D04DF6865768
:10D62000BA4207D10E338B604B6A0E3B4B6201F05E
:10D6300075FDE1E7B2F5C16F07D10E338B604B6A20
:10D640000E3B4B6200F096FBD6E7B2F5565F07D172
:10D650000E338B604B6A0E3B4B6202F010FCCBE743
:10D6600001A805F0E5FAC7E7688E08345C4B14346E
:10D67000084B14342DE9F04F00259BB0456003A9F9
:10D68000044602F081F9074608B15A23ECE023680A
:10D690001D2B00F20B82DFE813F0F8002600A0003B
:10D6A000E900F800F800F800F800AE01B901C20185
:10D6B0000902090209020902090209020902CB0151
:10D6C0001E00090205029E00090209020902090260
:10D6D00009020902F800E369B64AD36040F2FF325A
:10D6E0009A640023C0E00025D4E906380127D3F866
:10D6F0003831B04E1A6AB36002F13F0323F00303DE
:10D700009B1AAD4ADFF8C492136029465422656023
:10D7100004A8C6E90057C6E90555C6E907553561AD
:10D72000756207F0F1FB04A94846FAF7CBF902232A
:10D730004FF4403C17934FF040734FF480214FF467
:10D740000672CDE915C34FF4001307910E914846B8
:10D7500004A9099305930A9210930C9311928DF8E2
:10D760004C70149712958DF860508DF820508DF8FC
:10D770001050ADF818508DF83C508DF82C50ADF885
:10D780003450FAF70BFA4FF480728C4B29461A8109
:10D79000C3E90055DD608A4B3C22184607F0B4FB14
:10D7A000A3694FF00062336040F2DC534261D9F864
:10D7B00004204760C8F824301388F5645BBA9BB234
:10D7C000C8F80C30D2F8023088F805701BBAC8F8D7
:10D7D000103003237360656042E0764EA76973687A
:10D7E000022B7FF652AF032B3DD1F6F7D5FD002873
:10D7F0007FF44BAFF9F72AF841F287380546F6F780
:10D80000D0FD012805DCF9F721F8431B4345F6D983
:10D810003BE70338022886BF4FF480454FF4005899
:10D82000684B04A99EBF33F81080674B33F8105043
:10D830006648FAF796F8CDE90958003D18BF01256A
:10D8400004A962488DF82350FAF79CF95F48F9F76C
:10D8500078FD0423736000236360012387F8263773
:10D860001BB0BDE8F08F15236360F9E7514DA66941
:10D870006B68042B7FF409AF5448F9F7B8FD002317
:10D88000032286F826376A60EEE74A4D6A68042A62
:10D8900006D05A2304F11000636005F0E9F9DFE7D0
:10D8A00022691D2BE16904921CD0072B14D0042B94
:10D8B00015D892F82C30042B48F2DD6308BF4FF4E2
:10D8C0000063C9790193E3680093A368286802F0B4
:10D8D0000CF838B104A8E0E748F23503F1E740F668
:10D8E0000603EEE70026DDF81080E86841460DF1FA
:10D8F0000B02374D8DF80B6005F0A4FB302231464A
:10D9000033489DF80B9007F0FFFA42463146AC468B
:10D91000DFF8C0A0B2B9D8F83820294B12F4157F2F
:10D920005AD04FF440329A6125492848C3E9027C15
:10D93000C3F80090C3F83880F9F796FD002850D15D
:10D9400060608DE704294CD090682860D3681B1A6A
:10D950006B601F4409B145F8045C536803B9AB60C0
:10D96000D2E90430C61A002E01F101011EDD03F0D8
:10D970001F0B5E44BFF34F8F6FEA030EABEB030B3D
:10D980001E445844764420387609203006F1010EB2
:10D99000D8BF4FF0010E4EF001E0CAF868322033D4
:10D9A0000FF005C8BFF34F8FBFF36F8F52680C3570
:10D9B000B0E700BF5C4B1434584B14340C4B143498
:10D9C0001C4B143414AF11700EAF1170688E0834F4
:10D9D000D84A143400ED00E0D507A5D54FF48032C5
:10D9E000A1E7049B9A680E329A605A6A0E3A5A620C
:10D9F0005A2363606EE72E4A2E49D36C0133D364F9
:10DA000001232D484B71FAF78DFA6AE6284AD36C48
:10DA1000013BD364002B7FF464AE2649F1E7F6F7AF
:10DA2000C0FC0128D4BF0022012263691A6058E6B5
:10DA3000EFF3108272B600231D4E3569336182F315
:10DA4000108868070CD5DFF870804046C8F81C3194
:10DA5000FAF796FA074618B14046F9F7EBFD376238
:10DA600029070DD50123DFF850804046C8F81C3146
:10DA7000FAF786FA074618B14046F9F7DBFD7762F8
:10DA8000EA0705D500220C4BC3F82021FFF7B0FDB3
:10DA9000AB077FF526AE0122074BC3F82021FFF725
:10DAA000A7FD1EE640F2FF326369BFE74423DBE6D1
:10DAB0005C4B14340C4B1434688E0834836807B5FF
:10DAC0000E338360436A01900E3B436201A805F068
:10DAD000CFF803B05DF804FB002373B504461A4881
:10DAE0001A46806801A904F0E5FF58BB019A9368C3
:10DAF00002339360D2E90431CA1A002A1DDD03F013
:10DB00001F052A44BFF34F8F9818DA43ED1A2944B2
:10DB1000024420395209203102F1010ED8BF4FF0E2
:10DB2000010E4EF001E0094EC6F85C3220330FF0D2
:10DB300005C8BFF34F8FBFF36F8F019B9B682360B6
:10DB400002B070BD0023FAE75C4B143400ED00E036
:10DB500010B5094C2468121BD2F80640C2F82230D6
:10DB60001C440368023AD46013B902600A6010BD15
:10DB70000B685A60FAE700BF584B1434094BD0F8D1
:10DB800018211969D00744BF41F0010018619207BC
:10DB900042BF1A6942F002021A6111B9186800F016
:10DBA0000DBF70475C4B1434094BD0F81421196930
:10DBB000D00744BF41F004001861920742BF1A69C0
:10DBC00042F008021A6111B9186800F0F7BE7047F8
:10DBD0005C4B1434CB6970B50446A3B1EFF31086E7
:10DBE00072B64A69CB698A420FD100221A600025B9
:10DBF000D4F8D836086B013BCD61C4F8D8360D6334
:10DC000086F3108850B9002070BD1868884208BF9C
:10DC10001A60D1E9052393615A61E8E7636DC6692B
:10DC20000133C561636502F00BF93046EAE7000095
:10DC3000F8B50B46044600211846154607F064F96E
:10DC40003422B5FBF2F2034601461046561E013857
:10DC500028D13421514334395D18002E06F10100DA
:10DC60002F4608BF0120EB6001381FD16FF0330051
:10DC700000FB0655002029442961C4F8D436C4F8B5
:10DC8000F8360C4BC4F8D006C4F8E8360A4BC4F892
:10DC9000FC26C4F8EC36094BC4F8F036084BC4F83F
:10DCA000E436F8BD343141F8281CD0E7343F7F64B6
:10DCB000DAE700BF9DE0107075E11070DDDF1070D5
:10DCC000C5DC1070F8B5D0F8D43605460E461746B8
:10DCD000002B4DD01C692146FFF77CFFEFF310812C
:10DCE00072B63368E6611BB3636133689B69A361F5
:10DCF0005C6133689C61012F24D1E368A3420BBFB0
:10DD000000232269C5F8D4361A6118BFD360D5F84C
:10DD1000D0368BB9C4E90344C5F8D046D5F8843071
:10DD20000133C5F88430276081F310880020F8BDE6
:10DD3000C4E905443460DEE71A69E3602261D46017
:10DD40001C61EBE7D5F8D436A3420BD0D4E903022B
:10DD50000261D060E3601B692361DC60E3681C61E1
:10DD6000C5F8D446D5F8D8360133C5F8D836DAE741
:10DD70001720DCE703460846EFF3108172B6D3F8AC
:10DD8000EC2642B9D3F880200132C3F8802081F319
:10DD9000108801F0F9BFD3F8DC264AB1D3F8E026A9
:10DDA000D0610022C261C3F8E00681F31088704799
:10DDB000C3F8DC06C3F8E006C26181F310881021C5
:10DDC00003F5127005F068BB2DE9F04F4B6A04466D
:10DDD0001B2B89468DB00AD8D4F880300133C4F8A3
:10DDE000803048460DB0BDE8F04F01F0CDBF8B68E4
:10DDF0005D6859692DBA09BA9A68D8681E6959616F
:10DE00001FFA85FA99695D600AF1FF3512BA00BA06
:10DE100036BA09BA012D9A60D8601E619961DBD8C3
:10DE2000070C4FEA124847EA0247D9F83020360C6F
:10DE300046EA00461AB904F5E462C9F83020D9F878
:10DE400030506869B8B92A6D002A38D0B24203D080
:10DE5000002E34D1914232D1EB68434502D12B6977
:10DE6000BB42BED06E6D002EBBD0E9794346204642
:10DE70000097B047B5E716B3B04220D1EB684345F1
:10DE800002D12B69BB42ACD0EB6C33B90A232A46D2
:10DE900031462046EB6400F0A1F86E6D2EB1E979B1
:10DEA0000097434620462A6DB047D4F8F436002B3D
:10DEB00097D0494620460DB0BDE8F04F1847BAF15B
:10DEC000010F61D1226F814202F1010222675ED10E
:10DED000626F013262675A68120C120442F0020C3F
:10DEE000C3F804C0E968B5F812E04EEA0140986052
:10DEF0002A69E98A00BA41EA0241D9606A6909BA25
:10DF000048EA024B9CFA8CF25A609BFA8BF21A6137
:10DF10003ABA5A6132BA9A611C229860D9601344A5
:10DF2000C9F80C300623C9F824200493CDE90687EC
:10DF3000EB6B0A94CDF820900B9504A898475246B5
:10DF400006EB162BB2460BF01F0B1EB10BF5CA7376
:10DF500054F823A00BF5CA71BAF1000F1FD0DAF8FC
:10DF60002030B34215D1DAF800305BB95146204673
:10DF7000CAE90987CAE90133CAF82C50039200F0B4
:10DF800010F9039A3ABB0CE0A36F0133A367002298
:10DF9000D6E7DAF814A054F821305345DCD132B971
:10DFA0009246484601F0F0FEBAF1000F13D196B147
:10DFB0000BF5CA7B00222046D4F8E43604EB8B0133
:10DFC000984740B954F82B309B69C3E90868C3E906
:10DFD00001009F62DD620DB0BDE8F08F2DE9F041D8
:10DFE0000546884614468AB022B94FF0FF3005F046
:10DFF000BBFFFAE700232C22D0F8380101A901F079
:10E0000013FD002840D1EB6E019901330C63EB66E0
:10E010001C234FF484364B628B68A3F11C028A6088
:10E020001B4A43E90762E268668A46EA024643F809
:10E03000146C2769E28A36BA42EA074243F8102C88
:10E04000676943F8080C4FEA074C1248124F12BA9E
:10E0500043E9077043F8102C98FA88F79CFA8CF281
:10E0600043F8146C43F80C2C43F8047C05234FF65A
:10E07000FF7C02934FF0FF330895CDE904C306916E
:10E08000E36B099402A898470AB0BDE8F08100BF8D
:10E090000100040606040001000108002DE9F84310
:10E0A000054600270A26D0F8D446D5F8D836BB4214
:10E0B0000AD895F824372BB1D5F86C3713B1013B4A
:10E0C000C5F86C37BDE8F8836368002B32D0013B9C
:10E0D0006360002B2ED1A268122A42D1EFF3108187
:10E0E00072B6E26952B16069A04226D11360D5F8D8
:10E0F000D836013BC5F8D8360023E361E368A34274
:10E1000010D022691A61D360D5F8D436A34204BF77
:10E11000E368C5F8D436D5F8D4361A69E3602261CD
:10E12000D4601C614FF00008206BC4F8308081F38C
:10E13000108858B9E4680137B7E71368A34208BFED
:10E140001060D4E9052393615A61D0E76B6DD0F874
:10E150001C900133C0F81C806B6501F071FE4846CD
:10E16000E7E70132C4E901622846E26A216AFFF763
:10E1700035FFDFE710B50446D4F8DC3603B910BD2F
:10E18000EFF3108272B6D4F8DC16CB69C4F8DC3633
:10E190000BB9C4F8E03682F310882046FFF714FE6E
:10E1A000EAE7F0B504460D4689B0EFF3108372B686
:10E1B000086B08B100220A6383F31088002608B9AF
:10E1C00009B0F0BD6B6AEA6A0293AB6A416A0393D5
:10E1D000536AC7699942C661026306940096049027
:10E1E00007920CD9D4F8983213B16846984704E0E6
:10E1F000636D0133636501F023FE3846DFE7636931
:10E2000001336361A369143B0B44A361D36BECE757
:10E21000054BC0F86C33054BC0F86833044BC0F8AD
:10E2200070330020704700BFCDE210705DE21070C7
:10E23000F7E2107010B4D0F870430A461CB12346C0
:10E240005DF8044B1847D0F8EC105DF8044B013131
:10E25000C0F8EC10104601F097BD000030B4D0F8C3
:10E26000E44003460134C0F8E4404C6A0A46072CF7
:10E2700008D830BCD0F8EC100131C0F8EC101046D2
:10E2800001F082BDEFF305850E4C24682C4305D1C7
:10E290000D4D00F5CC742D68A54210D0EFF3108120
:10E2A00072B6D3F87403D061C3F8742381F3108875
:10E2B000002230BC042103F5127005F0EDB830BC2B
:10E2C000FFF7B8BFD0000034B44C143470B5044626
:10E2D000EFF3108372B60025D0F87413C0F87453AE
:10E2E00083F3108801B970BDCE692046CD61FFF778
:10E2F000A1FF3146F6E70B6B73B59B6C054613F037
:10E3000080030C468E681AD100934A6A20464FF467
:10E31000803100F0AEF94FF6FF7398420FD0D5F878
:10E32000EC300133C5F8EC30D5F8E8300133C5F8EE
:10E33000E830204602B0BDE8704001F025BD3378DA
:10E3400033B92146284602B0BDE8704000F010B84D
:10E35000082B06D12146284602B0BDE8704000F0E7
:10E3600069B8D5F8F0300133C5F8F030E1E70000C6
:10E37000F8B5034608468968D3F80021CD880132F4
:10E380006DBAC3F80021ADB2EFF3108772B6284C16
:10E39000D3E9DE2126680136266087F31088013133
:10E3A000013907D1D3F8EC200132C3F8EC2001F099
:10E3B000EBFC25E0B2F87860AE4237D1EFF310867F
:10E3C00072B6116F914227D10021C3F87813D3F8A8
:10E3D0007C130139C3F87C13002123689166013353
:10E3E000236086F31088436A083B436283680833DE
:10E3F0008360D36F18601046C2F8841005F008FEE1
:10E40000EFF3108272B62368013B236082F3108819
:10E41000BDE8F84005F0DEBDD3F878539542556F5E
:10E4200008BFC3F878134D672967D0E7126FB7E7C5
:10E430001C4C1434002370B50C468A684E6BD0F81F
:10E44000041186B00131C0F8041105931370216BDB
:10E450000546896C49062BD453884FF2FF715BBA8D
:10E46000DB4311FA83F399B201EB13418BB203EB57
:10E470001143DB435BBA5380F16805AB04F1300212
:10E48000284600F0CDFED5F808314FF48032013334
:10E49000C5F80831059B214603930023CDE90123EC
:10E4A000802200922846F26800F071FE06B070BD2E
:10E4B0005380A36B43F04003A363DDE72DE9F047EE
:10E4C0001C46002386B00593D0F870330646884674
:10E4D0009146002B00F0A780D1F834A0096BDAF840
:10E4E0001030DAF80C70581C00F09D8003F0704278
:10E4F000B2F1604F00F097808A69C96903EA0200AF
:10E50000884205D1D14323EA0203994200F08B806F
:10E51000DAF80430C3F30C03002B40F08480002FA2
:10E5200000F0818007F10142B2F1807F7BD37A1C39
:10E5300079D007F07042B2F1604F74D02422D6F83F
:10E54000380104A901F070FA00286CD104234FF0BF
:10E55000050E049A2406956882F82C304FEA196358
:10E560004FEA19492B7085F8019024BA6C609AF82B
:10E570000340688004F00F040234A40004F108038F
:10E5800053622B44D360D8F834304EF001E09C46FF
:10E5900003F11400DCF8001009BA4CF8041B0FF06A
:10E5A00007C8194605F1040C51F804EB4CF804EFC8
:10E5B000A3EB010E1EEB040FF6D1A0EB030EAEF1A0
:10E5C000040E4FEA9E0E0EF1010E4EF001E01968A6
:10E5D00009BA43F8041B0FF007C0D8F830303946A9
:10E5E00042F8303F304605AB00F01AFE0498036B4A
:10E5F0009B6C13F0400319D100934FF48031426AB1
:10E6000000F037F8C04340BA6880059B4FF4803271
:10E6100003930023CDE90123FF22304600920499A1
:10E620003A4600F0B4FD06B0BDE8F087836B43F0D6
:10E6300040038363E9E700000A4B10B599420ED00E
:10E640000723D0F8C4428C4203D1D0F8C842944288
:10E6500005D0013B00F11400F3D1002010BD0120D2
:10E66000FCE700BF010000E013460A46002100F06D
:10E670009BBBF8B51129069D01D0062936D103B1FF
:10E6800025B94FF0FF3005F06FFCFAE72C886D8854
:10E690002C44144421441C885B8821440B4499B2C7
:10E6A00001EB13418BB203EB11435BBA9BB2D0E990
:10E6B00002156F1A974225F00306A2F103040C44D9
:10E6C00038BF34468C4206D9E61C0A4426F00306BD
:10E6D000921BA1420CD302B34068C8B105F00305F8
:10E6E000022DE4D10988023A0B44E0E70023DEE77B
:10E6F00051F8046B370C17FA86F63344E9E7032A1E
:10E7000009D10A4632F8024BC8702344114602E090
:10E71000012AF4D148700A8813449AB202EB1343D9
:10E7200098B200EB134040BA80B2F8BD2DE9F04733
:10E730004FF0000A9946574B88B01D68564BCDF8EC
:10E740001CA01B6804461D43544B0E461B6817460D
:10E750001D43534BDDF850801B681D43514B1B6814
:10E760001D43514B1B781D4300F092804FF4FC6217
:10E77000514606F0C9FB119A0123C4F85C274B4AA5
:10E7800084F82437C4F82027494A84F88037C4F82D
:10E790007C27484AC4F83431C4F890274FF07F42B0
:10E7A000C4F894274FF0FE42C4F898274FF6FF7242
:10E7B000C4F8A02740F20112A4F8822740F6FF72A5
:10E7C000109BC4F8347707EA0907C4F8383131469A
:10E7D000C4F8C427C4F838975246C4F83C7766603A
:10E7E00004F59E7004F0ECFF314604F5127004F05D
:10E7F000BFFD05F0ABFA054618B1414607AA05F082
:10E80000E1FA0127139B31460193129BCDE904776E
:10E810000093CDE902882346274A04F5CC7005F021
:10E8200005FA64233146CDE90033244A2346029792
:10E8300004F51B7005F026FD214BC4F8D837EFF323
:10E84000108172B61F4B204A23601368A3B1D3F81E
:10E850001427C3F81447C2F81047C4F81427C4F8A3
:10E8600010371A4A13680133136081F310884DB9C9
:10E87000002008B0BDE8F0871460C4F81047C4F861
:10E880001447EEE72846079907AA05F09BFAEFE739
:10E890004A20EEE7CC4B1434C84B1434C44B143428
:10E8A000C04B1434BC4B1434680000341AAF1170E0
:10E8B0001EAF11700100007FCDF3107013F21070C5
:10E8C0006BF6107020205049B04B1434AC4B14340C
:10E8D00030B5D0F8DC3704468BB00BB90BB030BD87
:10E8E00090F824370025002BF8D094F82837002B17
:10E8F000F4D00A23029304F5E463099301AB079370
:10E9000002A8D4F85C3784F8285708949847294619
:10E910002046D4F8DC37019A98472946204601F072
:10E9200061F8DBE7322A70B5134604460D4639D04C
:10E93000332A2DD0062A05D1D0F8943443B3984712
:10E94000002070BD91F82C20042A09D1012B02D19E
:10E95000D0F86833F2E7022B02D1D0F85433EDE758
:10E96000112B05D1D4F8083493B129462046E6E7A7
:10E97000D4F87C61C6B995F82C30042B05D100235E
:10E98000294620460C4AFFF799FD236C0133236486
:10E99000236A6A6A013B2362636A9B1A6362E36CBF
:10E9A0000133E3640120CCE72A4620461904B0472E
:10E9B0000028E0D1C4E700BF0000020300224FF4AA
:10E9C000006100F5127004F067BD1346002200F0EC
:10E9D00000B82DE9F04100F59E7888B004460F4656
:10E9E00040464FF0FF311E46154604F019FF5C23E8
:10E9F00003FB05F202F5E4630694234414446846DD
:10EA000007930097D4F85C3705969847404605F081
:10EA100029F8019808B0BDE8F0812DE9F043984647
:10EA200000238BB008900446086B0691099002936E
:10EA300043790E46129F002B00F0D880D0E90631B2
:10EA4000551C08D002EA03058D421CD1D94322EAA5
:10EA50000303994217D104234FF6FF7102934FF03D
:10EA6000FF33CDE90413316B736A4A6A934240F273
:10EA7000CF80D4F89832002B62D0B8F5804F5FD0A9
:10EA800002A8984773E0436993421ED1002309937B
:10EA900000233046D4F8382101A901F023F80028DA
:10EAA00040F0AF800198836B0BB100F08DFA636981
:10EAB000204601336361736A0199A3F11402A369CB
:10EAC0001344A36100F02AFBC2E002F07043B3F1EB
:10EAD000604F21D100204FF0140C072104F531774D
:10EAE0000CFB00F3FD5895420FD0013900F10100F5
:10EAF000F6D100234FF48071C2F3160242F0BC42FB
:10EB000004910592002BAED0C2E72344D3F8D4324F
:10EB1000003B18BF0123EDE707EB172101F01F01B0
:10EB200004EB8109D9F8502615466DB9736A426A1B
:10EB3000934211D9D4F8983213B1B8F1000F0BD029
:10EB4000636D0133636587E02B6ABB4270D06D69EA
:10EB5000AA42EAD10025E9E72DB3EFF3108372B69C
:10EB60000022286BF261D8B92E6383F310880BB0B2
:10EB7000BDE8F08317460131FA69002AFAD103296A
:10EB8000FE61F2D9C1692963C261626C01326264BB
:10EB9000626D0132626583F3108801F051F9E6E796
:10EBA00007460121E8E7D4F8E4361BB9636C01336A
:10EBB0006364C5E701F5CA712A46204604EB81016A
:10EBC00098470028F2D10A22D9F8503639469B6975
:10EBD0002046C3E90125326BC3E908759D62DA62FC
:10EBE000F5611E63D4F8F0369847C0E702F101439F
:10EBF000B3F1807FFFF44AAF436993427FF433AFB0
:10EC000044E7636D01336365636C013363641FE044
:10EC10006269143B01326261A2691A44CB6BA26142
:10EC2000002B7FF42DAF4FF0FF3005F09DF9FAE790
:10EC3000D5E9092313433FF479AFEFF3108372B69C
:10EC40006A6A0492AA6AC9F85056059283F310883A
:10EC5000099B002B7FF407AF30469EE700224FF45C
:10EC6000807100F5127004F017BC000030B5D0F8C8
:10EC70002036044685B06BB90A230125CDE901355C
:10EC8000009341680346044A00F2246005F0FAFA52
:10EC9000C4F8205605B030BD5DEC10702DE9F34787
:10ECA0000C9E0746B6F5003F08469A461AD1D7F89B
:10ECB00020118B1E5942594189006FF0130CD0F876
:10ECC00008E0446A0369ACEB010C0EEB0C0514344C
:10ECD0000C449D428560446206D24FF0FF3005F03F
:10ECE00043F9FAE70021E8E790F82E80456308F140
:10ECF0001408884480F82E8090F82D80B8F1010F18
:10ED00003DD00A9BA4B21C43002944F08C4844F037
:10ED10008A440CBFA146C146D7F8348112BA08F123
:10ED20000104C7F834410D9C0B9F44EA084818BF02
:10ED3000174C46EA076618BF6C6199FA89F44EF8D9
:10ED40000C4036BA98FA88F49AFA8AF36C60AE608E
:10ED5000EA602B6111B16B691BBA6B61036B9B6C31
:10ED600013F001030FD1009301F114020421FFF706
:10ED700080FCC043AB6880B200BA0343AB600020A4
:10ED800002B0BDE8F087836B43F001038363F6E7CD
:10ED9000000004940023024A1360024A1360704783
:10EDA000B04B1434AC4B14342DE9F74F1D4600F52D
:10EDB0009E7304460F4618464FF0FF3116460193E6
:10EDC00004F02EFDEFF3108072B6D4E9AEB15C22F0
:10EDD00002FB074206EA050CD2F834A7D2F83897AE
:10EDE000D4F8C082C2F83467C2F83857C2F83CC7BA
:10EDF00000220091C4F80027C4F8042780F310888B
:10EE0000019B184604F02EFEBBF1000F06D0B24560
:10EE1000009901D1A9450BD02046D847B8F1000F81
:10EE200006D0B24501D1A94502D000212046C047F5
:10EE30005C23002003FB0744C4F86C0703B0BDE863
:10EE4000F08F2DE9F04F98465C230546164603FBEC
:10EE500001F78BB007F5E46ADDF85090824407446F
:10EE600016F0010404D0D5F87041003C18BF01240D
:10EE7000B00706D5D7F8342744F00203002A18BF9C
:10EE80001C46310706D5D5F8E82644F00803002AC9
:10EE900018BF1C46320606D5D7F8342744F0800345
:10EEA000002A18BF1C46730606D5D5F8542344F033
:10EEB0004003002A18BF1C46700728D505F59E7B25
:10EEC0004FF0FF31584604F0ABFC0A23029301AB2C
:10EED0000793D7F85C370895CDF824A033B9584686
:10EEE00004F0C0FD43200BB0BDE8F08F02A89847A6
:10EEF000039B002B53D0442B06D197F8262744F0D0
:10EF00000403002A18BF1C46584604F0ABFDF10666
:10EF100006D5D5F8082444F01003002A18BF1C4673
:10EF2000B20606D5D5F8942444F02003002A18BF71
:10EF30001C46F30521D505F59E7B4FF0FF31584661
:10EF400004F06EFC0A23029301AB0793D7F85C37F9
:10EF50000895CDF824A0002BC1D002A89847039BA8
:10EF600023B3442B06D197F8262744F48073002A54
:10EF700018BF1C46584604F075FDB4421DD0B9F1C7
:10EF8000000F1ED009F1FF33B9F1010F4FF001005E
:10EF900014BF99464FF0000904F0E6FF60E7019ABC
:10EFA00044F00403012A08BF1C46ADE7019A44F46B
:10EFB0008073012A08BF1C46DCE70020C8F8004027
:10EFC00091E7C8F800408DE72DE9F04104464FF085
:10EFD000000885688AB0A768A36B3E68DB074FEA24
:10EFE000860606F03C0611D5002332460421204651
:10EFF000CDF80080FFF73DFBC043BB6880B200BA8C
:10F000000343BB60A36B23F00103A363D7E903238E
:10F010001BBA797A12BA0693A3680292626A3344E1
:10F020000629A360A2EB060201F1FF3305D91129DD
:10F030002CD0A5600AB0BDE8F0810029F9D0052BDD
:10F04000F7D801A151F823F0B5F01070E1F010707D
:10F0500033F01070D7EF107033F0107061F0107053
:10F06000A36B5E07E5D506AB0093062102AB2046F5
:10F07000FFF7FFFAC043A2680004136900BA034314
:10F080001361A36B23F00403A363D2E7A36BD80639
:10F09000CFD506AB0093204602ABFFF7EAFAC04398
:10F0A000A26880B2536800BA03435360A36B23F095
:10F0B0001003E9E7A36B5906BBD500234FF4803159
:10F0C0002046CDF80080FFF7D4FAC043A26880B292
:10F0D000136800BA03431360A36B23F04003D3E724
:10F0E000A16B4B05A5D5A66821F4806130687368D3
:10F0F00007BABAB21BBA02EB174202EB134212FA7A
:10F1000083F39AB202EB134293B203EB1243DB4355
:10F110009BB21BBA18433060A1638AE7EFF31083F8
:10F1200072B6D0F874214AB1D0F87821D1610022AA
:10F13000CA61C0F8781183F310887047C0E95D1187
:10F14000CA6183F31088082100F5127004F0A4B995
:10F15000C26903460132C2610A6B12B900F5E4626A
:10F160000A638868027848631209042A81F82C200F
:10F1700004D1D3F8D8270AB1184610475A6B08466D
:10F1800001325A63DA6C0132DA6400F0FDBDF0B589
:10F190001646026985B0013202610A6B05460C46CB
:10F1A0009C460C9F6AB9836B013383638B68143B65
:10F1B0008B604B6A14334B62204600F041FE05B071
:10F1C000F0BD0B9B039702930A9BCDE900C3334626
:10F1D0005269FFF763FD0D9B93B9D5F830213AB121
:10F1E0002246314642F8303F28460DAB00F018F871
:10F1F000236B0BB10D9B1BB9AB6B0133AB63DBE72F
:10F200000D9B3246009321463B462846FFF705FCFE
:10F21000D5E70022012100F5127004F03DB900008D
:10F220002DE9F04300241C6001F07044B4F1604FFC
:10F2300001D04C1C1ED11960136853B990F82637C1
:10F240000BB9212003E000F5E46010600020BDE868
:10F25000F0839B79002BF9D1F3E790F8264734B37C
:10F26000D0F834478C4222D114680CB1AC421ED184
:10F2700015602FE090F824C700F5E465BCF1000F9D
:10F28000EBD190F8809700F27C76B9F1000F23D093
:10F2900090F8824704B3D0F89447D0F898770C40A0
:10F2A000BC4219D1106800287AD13546E0E7BCF19C
:10F2B000000FE6D090F82647002CE2D0D0F838476F
:10F2C000D0F83C670C40B442DBD11468002CCFD09E
:10F2D000A542D6D11960B9E7DFF8ECE00C0C2404A4
:10F2E00074451FD11468ACB9BCF1000F04D090F87C
:10F2F00026E7BEF1000F06D1B9F1000F12D090F849
:10F3000082477CB101245C2505FB040404F5E46418
:10F310001460DFE794F804E0BEF1000F02D0A47996
:10F32000002CD7D1D0F808E0BEF1000F17D0C46888
:10F33000ACB194F80680B8F1000F10D0A169E06973
:10F340000EEA010188427FF47CAF116819B914609C
:10F35000C3F800E07AE78C427FF473AFF8E71468F3
:10F3600004BBBCF1000F0AD090F826473CB1D0F89E
:10F370003447DFF854C0240C2404644522D0B9F18A
:10F38000000F3FF45EAF90F88247002C3FF459AF76
:10F39000D0F890070C4C000C0004A0427FF451AF51
:10F3A000166097E72279002A3FF44BAFA279002A32
:10F3B0003FF447AF62690448120C120482427FF4A2
:10F3C00040AF87E72E46EBE70000FEA92DE9F041AC
:10F3D0000446012600F59E754FF0FF3128468CB09B
:10F3E00004F01EFA94F82437C4F87061E3B1D4F83D
:10F3F0005C37CBB10022C4F868271322049204F5CD
:10F40000E4620B9204A884F826670A949847D4F81B
:10F410005C3704A80A940496984702230A9404933C
:10F4200004A8D4F85C3798476B4F04F512764FF078
:10F43000FF38284604F016FB02AB01224146304655
:10F44000CDF8008003F0BCFF4146284604F0E8F9FF
:10F45000029B1B0745D4029B18064DD4029BD9057D
:10F4600055D4029BDA075ED4029BDB067BD4029B59
:10F47000980604D5D4F804370BB120469847029B70
:10F48000590603D52046D4F85C339847029B5A05A9
:10F4900000F18E80029B9B076DD4029B580703D519
:10F4A0002046D4F86C339847029B19056FD4029B11
:10F4B000DA0467D4029B5B04B9D52046FFF708FA4B
:10F4C000B5E7EFF3108272B6D4F87411CB69C4F8C3
:10F4D00074310BB9C4F8783182F310882046FFF7F5
:10F4E00037FED4F87431002BEBD1029B23F00803D4
:10F4F0000293002B9BD0AEE7D4F8A0342046984767
:10F50000029B23F080030293002BA7D18FE7D4F84E
:10F510009C340BB120469847029B23F480730293DE
:10F52000002B9ED183E7D4F8E8360BB120469847EC
:10F53000D4F800370BB120469847D4F858330BB1B4
:10F5400020469847D4F8A0320BB120469847D4F80B
:10F5500098340BB120469847029B23F00103029395
:10F56000002B81D163E7D4F8EC36002B3FF47FAF5A
:10F57000204698477BE7D4F89C32002B8DD020465C
:10F5800098478AE72046D4F81C37984792E794F8C2
:10F590002437002B8BD01223049304F5E4630B93E0
:10F5A00003AB09930A94D4F85C3704A898477EE724
:10F5B00094F82437002B3FF46DAF082304934FF4E5
:10F5C0008073CDE9063704F5E4630B930A94D4F80D
:10F5D0005C3704A898475DE70100005EF8B5002598
:10F5E0002B468A6852F8144BC4F30364053CE4B21A
:10F5F000A400A34205D21678012E04D0442E05D0D3
:10F600005EBB012009E001320133F2E735B1163368
:10F610004FF04062FEF752FF0020F8BD5778D578D2
:10F62000A7F1080EBEF1200F96784FEA151CEED810
:10F63000BF07ECD1042E01D81733E9E7F607FBD555
:10F64000BCF10F0F01D11833E2E715F00E0F03D014
:10F6500005F00F05032DF6D101255678012EDBD9D3
:10F660003344A342D8D83244C3E72DE9F3478E6828
:10F670004F6AD6F800A004469AFA8AF81FFA88F86A
:10F6800047450D4612D006D2636B01336363E36CCA
:10F690000133E3649BE04FF00009A7EB0807C1F8D2
:10F6A0002480A86918BBEB68DB1BEB606B6A0AF06F
:10F6B0000F07B3EB870FD5F830904FEA8702E3D9F5
:10F6C000042FE1D9D9F8483013F0020328D1009370
:10F6D00004212846FEF7CDFF4FF6FF7398421FD056
:10F6E000636B01336363236D01332365CFE7D0E997
:10F6F0000232D31ABB4202D9D21BC260D6E72A46D5
:10F70000FF1A134652689042FBD1AB42C3F80490F3
:10F7100008BF0023AB6100F037FB002FC1D1C5E764
:10F720003368052F1BBA336073681BBA7360B36804
:10F730001BBAB360F3681BBAF36033691BBA336159
:10F7400027D029462046FFF749FF00289FD031697E
:10F7500007F18042013A46F8221006EB8203F26874
:10F76000A3F1100143F8042CB268053F43F8082CBC
:10F77000726843F80C2C32680E4622F09E4242F02A
:10F780008A4243F8102C6B6AA960A3EB8703696374
:10F790006B623169D9F8143099421ED17268C2F394
:10F7A0000D03002B5AD1AB68B27A1433AB60216AD7
:10F7B0006B6A0131143B6B622162616A2046194415
:10F7C00061622946FFF7AEF8002800F08B802846DA
:10F7D00002B0BDE8F04700F0D7BA0029DED0D9F872
:10F7E0001830D9F81C2001EA0300904204D1DA4312
:10F7F00021EA03039A42D1D04A1CCFD001F1014340
:10F80000B3F1807FCAD34A462046FEF715FF002891
:10F81000C4D1D9F81430002B57D1D4E90820B168ED
:10F820006B6A01F47F01B1F5881F43D1A968143BCD
:10F830006B6201F114060344AE6063624B690132EE
:10F840001BBA9BB2442B226234D1D4F808348BB358
:10F850002946204602B0BDE8F0471847A36E0133A1
:10F86000A366D4F89C32002B3FF411AF930405D566
:10F87000A8F1140818F0070F7FF409AFEFF3108216
:10F8800072B6D4F8A8328BB1D4F8AC32DD61002363
:10F89000EB61C4F8AC5282F310880022022104F517
:10F8A000127002B0BDE8F04703F0F6BDC4E9AA55F6
:10F8B000EB61F0E7236A6A6A013B2362636A9B1A81
:10F8C0006362E36B0133E363E1E6D4F83021002A9D
:10F8D000F7D029462046A36A0133A36202B0BDE8EF
:10F8E000F047104702B0BDE8F08730B55C2404FB58
:10F8F000010191F82907946800280CBF0E251225F4
:10F900001069201AA8423CD3506A641B28441BBAD1
:10F910005062946044F8023C039B1BBAC4F8023066
:10F92000D1F82C07B1F8323743EA00431BBAC4F8C8
:10F930000630D1F830371B04C4F80A3091F8290793
:10F9400048B904F10A0200201168BDF810300B43D9
:10F950001BBA136030BD43F401431BBAC4F80A302C
:10F9600092F82F20B1F82A37FF2A1EBFC3F30C03E9
:10F9700043EA42339BB21B0404F10E02C4F80E307A
:10F98000E1E75320E6E70000C3690B600BB90020F4
:10F9900070475B6C002BFAD002680B60132A0FD9FA
:10F9A000153A1D2A01D9442307E001230A4993404F
:10F9B0000B40ECD1022A18BF442343605520704706
:10F9C000012303FA02F2054B1340E0D104490A4235
:10F9D00008BF4423F1E700BF89010020F1FC0100CA
:10F9E00002030A0070B5044600F59E760D463046C7
:10F9F0004FF0FF3103F014FF94F824377BB1D4F8B3
:10FA0000643763B1DA79AA4209D100219A79204694
:10FA1000D4F8DC3784F8262784F82817984730462E
:10FA2000BDE8704004F01EB870B50546806A90428B
:10FA30004DD300200860EFF3108672B6AC68BCB1FD
:10FA4000EB69013CAC60DC69EC611C69D861224463
:10FA5000C3E902224FF0AA321A621E4A5860C3E973
:10FA60000B209861586298630B6086F3108827E03A
:10FA700028690130286143B368690130686116481C
:10FA800004681648C4E91E21EA6AC4E91A05C2B12D
:10FA9000516F226761670C6754672A6B1049013206
:10FAA0002A630C2222630122A2630A68E364013202
:10FAB0000A6086F31088204604F01EFBD4F8840008
:10FAC00070BDEC62C4E91C44E7E70120CDE74D209E
:10FAD000F6E700BF040000FFB44C14344DFC107076
:10FAE0001C4C14342DE9F0431746002288460A6066
:10FAF000416A0546994685B0002937D0384603A9A2
:10FB0000FFF792FF0446B8B92E4601242A6B039BE7
:10FB10001A63AA6B9A63012CF2680CBF3169B16851
:10FB20003B460398CDF80090521A00F024F80446A2
:10FB300030B1039800F028F9204605B0BDE8F08305
:10FB40007668002EE7D103982E69A9680269891B9F
:10FB500053188360436A5B1A696B4362891B0A44CA
:10FB600042636A6A934203D000F00EF91224E3E77D
:10FB7000C8F80000E0E72DE9F74F8669044688469B
:10FB800017469A46F6B14FF000097369F2689B1A5E
:10FB9000994433467668002EF7D101961E46B94542
:10FBA00026D20025002250460C9B01A9FFF73CFFFE
:10FBB000834660B115B1284600F0E6F8584603B018
:10FBC000BDE8F08F4269C368A2EB0309E7E7019A39
:10FBD000002D2DD0AB6943B35A60AA615369D26836
:10FBE0009B1A99444F45DDD826B375600023AB615D
:10FBF000636A3B446362A369002B08BF23460193F9
:10FC000087B1019B4146D8685D692D1ABD4228BF66
:10FC10003D462A4605F0F3F9019B7F1BDA682A442A
:10FC2000DA6009D14FF0000BC8E7AA616A60D5E736
:10FC30001546D3E76560D9E75B68A8440193A361E3
:10FC4000DFE7436A00200B607047000010B4C36E0A
:10FC5000EFF3108172B6826E2AB323B31C68144A84
:10FC6000944220D10024026F8466824213D1DC6268
:10FC70001A6B013A1A63036B0C2B14D101230D4A42
:10FC8000C0F8843013680133136081F310885DF885
:10FC9000044B04F0BDB9DC6A8442446F08BFDA62E9
:10FCA00054672267E4E781F310885DF8044B7047DE
:10FCB0004B4341501C4C14342DE9F74F4FF03C0896
:10FCC00017460C9A01919E18002142460446DD1CFD
:10FCD00005F01AF9002225F0030507EB080BA762CF
:10FCE000A94610464FF0FF37019B761B0BF1030A24
:10FCF00026F003062AF0030AC4E9085663602E447E
:10FD000005EB0A01B1421DD9A5EB0A05E861C4E97A
:10FD10000222C4F81C90EFF3108172B6124B134A02
:10FD200023601368E3B19A6B9C635463C4E90D329A
:10FD30000F4A13680133136081F31088002003B069
:10FD4000BDE8F08F05EB08032B610BEB0503E961C0
:10FD5000C5E900402F626B61013251445544D1E73F
:10FD6000C4E90D441460E3E74B434150B84B1434ED
:10FD7000B44B14340023024A1360024A13607047E4
:10FD8000B84B1434B44B1434F8B503464FF0FF3677
:10FD90000024294D0BB918460DE01A6AB2F1AA3FAA
:10FDA0000AD01B6833B1254A1968914202BF9A698B
:10FDB00001329A610720F8BD5F68EFF3108C72B6CC
:10FDC0001A68D06A00282DD0016F81421FBFD0F879
:10FDD00074E0D162C1F874E0CEF87010116B08BF06
:10FDE000D462013911632A68846601322A608CF377
:10FDF0001088816F1A699C850A44C3E902224FF07A
:10FE0000AA3283F82E401A62C26FDC615C609C618A
:10FE10005C621C639C631360C0F8844004F0F8F8D3
:10FE20003B46B7E7D1691E62D961D361936801335C
:10FE300093608CF31088F3E71C4C14344B4341500F
:10FE4000EFF3108272B6036AB3F1AA3F01D0013317
:10FE500003D182F31088FFF797BF4FF0DD3390F89E
:10FE60002E10C36183680B448360436A5B1A43624C
:10FE7000002380F82E3082F310881846704703461E
:10FE80000846EFF3108172B6D3F8042742B9D3F8CD
:10FE90002C210132C3F82C2181F31088FFF774BFA5
:10FEA000D3F808274AB1D3F80C27D0610022C261E9
:10FEB000C3F80C0781F310887047C3F80807C3F82C
:10FEC0000C07C26181F31088202103F5127003F042
:10FED000E3BA00002DE9F041DFF86880114FD8F84F
:10FEE00000303A68104E1343104D3268104C1343E3
:10FEF0002A6813432268134311D1FFF73BFFFEF733
:10FF000049FF00F08EFB4FF00043C8F80030094B6A
:10FF10003B60094B3360094B2B60094B2360BDE804
:10FF2000F08100BFC84B1434C44B1434C04B14349C
:10FF3000BC4B14340A0064004B010A054A12201C11
:10FF4000140A0A07CC4B14347047000030B4EFF3A6
:10FF5000108272B6C16E19B10C68234B9C4203D05B
:10FF600082F3108830BC7047836E002BF8D0EFF31B
:10FF700005841E4B1B68234304D11D4C25681D4C72
:10FF8000A5420DD11C4B8366D1F8A00082F31088E6
:10FF9000002230BC4FF4805100F5127003F07CBA9F
:10FFA000046FC1F8E83084428366D1F8E4101BBFC7
:10FFB000436FC1F80441C1F80431636718BF1C677F
:10FFC000D1F80831013BC1F80831036B0C2BC7D1C4
:10FFD00023230A49C0F884300B6801330B6082F395
:10FFE000108830BC04F014B820504354D0000034C2
:10FFF000B44C1434CC50143449FF10701C4C1434DD
:02000004701179
:10000000F0B50446D0F8A05085B005F59E76039172
:1000100030464FF0FF31174603F002FCD4F8E030D1
:1000200013B9D4F8E8302BB1304603F01BFD222081
:1000300005B0F0BD039B83B904F0F4FBC0F30D01E0
:1000400001F54041284603AA039100F0B1FA20B11E
:10005000304603F007FD4520EAE7039B03EB13223C
:1000600002F01F0205EB8205D5F80C24E360104670
:10007000FAB1C1688B4206D0D0F8E0008242F8D1D4
:10008000C268934215D187B3D0F80831194D0133B6
:10009000C0F808312B682246C4E9390316493346B3
:1000A00000F58270009702F0C3F82B68D3F8840043
:1000B000BEE7EFF3108172B690B1D5F80C34D3F8E7
:1000C000E420C4F8E030C4F8E420C2F8E040C3F80B
:1000D000E44081F31088304603F0C4FC0020A7E719
:1000E000C4E93844C5F80C44F3E7304603F0BAFCE1
:1000F00023209DE7B44C14344DFF107013B5042435
:10010000CDE90041694602F085FA02B010BD2DE943
:10011000F0410446D0F8A0704FF0FF3107F59E760D
:10012000304603F07DFBA36B0A2B02D1204600F082
:1001300097FEA36B012B05D0304603F093FC3520CE
:10014000BDE8F081D4F8E01071B9D4F8E80030B11E
:10015000FFF7FCFE304603F085FC0020F0E7304658
:1001600003F080FC2420EBE7E56805EB152505F09E
:100170001F05EFF3108872B6D4F8B03013B12046E3
:1001800001F0B0F9D4F8E030A34234D1002205F5F3
:10019000817307EB83035A600023C4F8E03088F3CF
:1001A0001088D4F80421002AD4D0D06EC0F80421DD
:1001B000D4F80821C0F8E830013AC0F80821C4E9B1
:1001C0004133EFF3108172B607EB8503D3F80C24AB
:1001D00012B3D2F8E430C0F8E020C0F8E430C3F83D
:1001E000E000C2F8E40081F31088002100F582707D
:1001F00001F0F8FFAEE7D4F8E420C3F8E420C2F839
:10020000E03007EB8503D3F80C24A24204BFD4F8F6
:10021000E020C3F80C24BFE7C0E93800C3F80C04A1
:10022000E1E7000070B4EFF3108172B6C36E1BB14A
:100230001C68204A944203D081F3108870BC704738
:10024000826E002AF8D0D3F8A050EFF305841A4A42
:100250001268224304D1194C2668194CA6420BD1CE
:10026000184B836681F31088002205F512704FF455
:10027000805170BC03F010B98266C3F8FC20C3F84B
:10028000CC209A6882B101229A63036B0C2BD3D1E4
:1002900038230D4AC0F8843013680133136081F3AA
:1002A000108870BC03F0B4BE02229A631A6C013A43
:1002B0001A64EAE720504354D0000034B44C14349C
:1002C000CC50143449FF10701C4C14342DE9F0410B
:1002D000D0F88C44D0F89084244DB8F1000F01D1AF
:1002E000BDE8F081D4F808615EB1D4F80471BB6E4A
:1002F000AB4203D100213846FFF728FE013E3F6F95
:10030000F5D1D4F8FC0028B1836EAB4202D10021B4
:10031000FFF788FFD4F8000128B1836EAB4202D109
:10032000002100F025F8D4F8F0605EB1D4F8EC704C
:10033000BB6EAB4203D10021384600F037FD013ED1
:100340003F6FF5D1D4F8F8605EB1D4F8F470BB6EAD
:10035000AB4203D10021384601F0BEFF013E3F6FA2
:10036000F5D1D4F80C4108F1FF38B6E749FF107019
:10037000034670B4EFF3108272B6C46E1CB12568E8
:100380001A498D4203D082F3108870BC7047816E89
:100390000029F8D0EFF3058515490968294304D1F0
:1003A000144D2E68144DAE420DD11449D4F8A0005E
:1003B000996682F31088002270BC4FF4805100F5DA
:1003C000127003F069B88166C4F80011016B0C2942
:1003D000D9D14121C0F8841009490B6801330B6061
:1003E00082F3108870BC03F013BE00BF205043544A
:1003F000D0000034B44C1434CC50143449FF107085
:100400001C4C143438B5002204460A2100F59663CA
:10041000C0F81836092A03F12400D86118BF034632
:10042000013902F10102F5D10025DD610F4B2046B3
:10043000C4F8A0340E4BC4F898340E4BC4F89C3466
:100440000D4BC4F81C370D4B1A6014220C4B1A606C
:1004500064220C4B1A6045F6C0520B4B1A60FEF733
:1004600005FC0A4B2846C4F8943438BD7B0D117046
:10047000790D117091041170CD021170DC4B1434A0
:10048000D84B1434D44B1434D04B1434890A117023
:10049000F8B50546454BD0F890741E68D0F88C44EA
:1004A00007B9F8BDA36B042B0ED9D4E910239A42E7
:1004B00003D1D4E91D329A4206D2A36CB3420FD8BD
:1004C0002046E16B00F024FBD4F8CC3023B1B342DA
:1004D00009D99B1BC4F8CC30D4F80C41013FDFE7AD
:1004E0009B1BA364F0E7D4E93532934202D394F81E
:1004F0009C1039B1D4F894108A4207D894F89C2003
:10050000012A03D1204600F0BDFCE5E7A26BD11E15
:10051000012910D85A1C94F8DC30C4F8D420534375
:10052000D4F8D020E16B9A402046C4F8CC200139A1
:1005300000F0E4FBD0E7D4F8C41019B9616D79B9C3
:10054000062A0DD8E36B0022013B2366214628468C
:1005500000F0E0FF002384F89E30636BA365BBE7E7
:10056000073A042AB8D801A151F822F08105117088
:10057000D904117081051170A305117081051170E6
:1005800094F8DC2001335A43C4F8D430D4F8D03086
:10059000E16B93402046C4F8CC30013900F067FB92
:1005A0009AE7204600F05CFC96E700BFDC4B143471
:1005B0002DE9F84307460E4690460C4600F59E7915
:1005C0004FF0FF31484603F02BF904EB142303F0FE
:1005D0001F0307EB8303D3F80C24154642B11346DF
:1005E000D968A1420DD0D3F8E0309A42F8D1002565
:1005F000484603F037FA35B9C8F800402846BDE848
:10060000F8830125F4E70134B4F5803F05D3B6F54E
:10061000404F04D94FF44044D2E7A642D0D14525FB
:10062000ECE7704703460020106003290BD91878C7
:1006300002280AD15978042915D199781160DB78FC
:1006400043EA01231360012070470028FBD00128F2
:1006500002D101330139E8E7587828B181420344D7
:1006600001D3091AE1E70020704770B50D46064630
:10067000CCB0144600214FF4967201A804F044FC5B
:1006800095F82C302996042B0AD16A6B06932B6BB4
:10069000D16830460B930BAA0CAB0791FEF7C0FD57
:1006A00023689AB20492E2681B0C0893D3020DD41B
:1006B000696A636812F4403F0B444FEA1271A3EB7E
:1006C000810303F1010118BF0B46636080232146BB
:1006D00001A82B9300F0F2FA4CB070BD00232DE975
:1006E000F04F91F82C2089B0042A04460E46079357
:1006F00040F0C881D1F834904FF40671D6F830A09C
:100700000791DAF8481009F10C03090709F1100202
:1007100015D4009206213046726AFDF7AAFF4FF603
:10072000FF7398420BD0D4F8B8300133C4F8B83016
:10073000D4F8C0300133C4F8C03030465CE1D6E9AB
:100740000282A2EB0802132A05D8D4F8B83001338C
:10075000C4F8B830F1E7D8F800301BBAC8F8003058
:10076000D8F804301BBAC8F80430D8F808301BBADF
:10077000C8F80830D8F80C3019BAC8F80C10D8F8F6
:100780001010C3F3031309BA053BC8F81010DCD4EA
:10079000990001F114008242D7D37BB107AA08F176
:1007A0001400FFF73FFF024648B1079B33B996F8A4
:1007B0002C30042B04BF4FF4067307930122D8F8A2
:1007C000003099B20391190C03EB132303F01F03BC
:1007D00004EB830BDBF80C540491002D36D0284633
:1007E000C36803998B422DD1C36904998B4229D1E7
:1007F00096F82C1043698B4224D1042B22D18169B5
:10080000D9F80C3099421DD1D8F80C30CBF80C0433
:100810009F0309D5079B0269436293420AD94AB1F3
:100820000262036A5B430363314600F0D1FC09B006
:10083000BDE8F08F826B032A02D1026A9342F0D2A4
:100840000362EEE7D0F8E0008542C9D12AB94246FA
:1008500031462046FFF709FF77E7D8F80C20D5028C
:1008600000F1FB80D4F81C06002800F0F68096F812
:100870002C300746042B059321D1D9E903318B4253
:1008800004D1DDE90315A9423FF45FAF03F07041E5
:10089000B1F1604F3FF459AFDAE9061503EA0107F9
:1008A000AF4205D1CF4323EA01018F423FF44DAF60
:1008B000AB423FF44AAF01333FF447AF07463B68D2
:1008C00003998B4240F0C58012F4C02F05D1D4F8B3
:1008D000BC300133C4F8BC302FE7900309D5D4F8FD
:1008E000C8300133C4F8C830D4F8C4300133C4F878
:1008F000C430BD6802F48022002D52D0002A50D1AD
:10090000059BBA60042B10D12B46C5F828A043F8EC
:100910002C2F2046D9F80C1005F12802FEF780FC98
:10092000059B6B61D9F80C30AB61049B6A6DEB6180
:10093000D8F804306A632B64079B6B62AB650023B5
:10094000EB65DBF80C343BB3D3F8E420C5F8E030BA
:10095000C5F8E420C2F8E050C3F8E45030467C68A3
:10096000FFF712FAAB6B042B0FD12B6CE96B013341
:100970002B644B1CEB63D5F8D0302846C5F8CC303F
:100980000023C5F8D43000F0B9F9002C3FF44FAF84
:1009900028460399A0474AE7C5E93855CBF80C54D7
:1009A000DCE7D7E904C5A84628460CF1010EBEF1E4
:1009B000010E24D1002A8AD1F261002D47D0BB69F3
:1009C000DE61FA680CF101039342BE613B617FF680
:1009D0002EAFD4F8D43078690133C4F8D430D4F8C9
:1009E000C430013BC4F8C430D4F8BC300133C4F87F
:1009F000BC30C369C7E904C3FFF7C6F917E790F82D
:100A00002C30042B20D1D0F808A0D9F80C305AF89B
:100A1000081C994218D1BAF802300499994213D1AE
:100A2000002A3FF454AFC369A8420CBF7B61C8F8E9
:100A30001C30BB69834208BFC7F81880FFF7A4F9D0
:100A40003B69013B3B6142E78046C069AFE77E619D
:100A5000B7E7FF69B8427FF432AF910342BFD4F8E1
:100A6000D4300133C4F8D430D4F8BC300133C4F8E6
:100A7000BC3053033FF561AE424631462046FFF796
:100A8000F4FD5AE69B6CFFDE30B44C6A0346132C2F
:100A90000A4608D830BCD0F8B8100131C0F8B810F8
:100AA0001046FFF771B9EFF30585174C24682C4306
:100AB00005D1164D00F5CC742D68A54221D0EFF379
:100AC000108072B6D3F8A414A1B1D3F8A814CA61E7
:100AD0000021C3F8A824D161D3F8AC240132C3F8B3
:100AE000AC2480F31088002230BC802103F5127002
:100AF00002F0D2BCC3F8A424C3F8A824D161012217
:100B0000EDE730BCFFF7EABDD0000034B44C14343C
:100B10001FB500230A46CDE9013300934FF480113D
:100B2000036C044600F008F8024B1B68A36404B091
:100B300010BD00BFD84B14342DE9F04FD0F8A09071
:100B400089B01F4611F4003304460D469046D0F894
:100B500074B005934FF024024FF00003D9F8380128
:100B600007A914BF4FF0E04A4FF0A04AFEF75CFF20
:100B700068B994F8DD300798FF2B18BF80F82F3044
:100B8000866843699B1B1C2B04D8FFF7FDF809B04E
:100B9000BDE8F08F636945EA0B0580F82C30042B23
:100BA00008BFA36AE26808BF036306F11403C360C9
:100BB00014234362E369676443EA0243626F1BBA2A
:100BC000A267336098FA88F37360002345EA0A0548
:100BD0003361149B3FBA2DBAB760F56043B106F19B
:100BE0001503C360149B1B783375436A013343625A
:100BF000059B5BB1129B19BA139B1ABAC368C3E970
:100C000000120833C360436A08334362A36A616910
:100C10009A6C12F004020CD1042924D013460092DD
:100C20000621426AFDF725FDC043000400BA306189
:100C300003E0836B43F0040383636369042BA6D151
:100C4000E36A48460393D4F8AC30079902934FF413
:100C5000C0230193D4F8A8300093D4F8A430A2693B
:100C6000FEF795FA93E7143304F11802D7E71FB59E
:100C70000023CDE9013300930A46036C4FF4881139
:100C8000FFF75AFF05B05DF804FB000010B586B011
:100C90000DF11703029300238DF81720CDE90033DF
:100CA0000A46036C4FF480110446FFF745FF024BE0
:100CB0001B68A36406B010BDD84B14341FB5CA68B6
:100CC000044612F4801211D00023CDE901330093C1
:100CD0008A684FF48021FFF72FFFD4F8A020D2F8C4
:100CE000E0300133C2F8E03004B010BDCDE901229C
:100CF00000924B684FF4A011EDE70000436930B556
:100D0000042B14BF0023836A026908BF5B6A044690
:100D100008BF283B9BB29A420D4685B002D2002AFA
:100D200018BF1346A06B1349042843F001720FD17A
:100D3000606A834228BF034623625B432363002328
:100D4000CDE9011300924FF490112A46236C09E07B
:100D500003282362F3D100230092CDE901132A4630
:100D60004FF400312046FFF7E7FEC4E9185505B0FF
:100D700030BD00BF00010101704770B50446EFF3BC
:100D8000108372B60025D0F8A414C0F8A854C0F897
:100D9000A454C0F8AC5483F3108801B970BDCE6977
:100DA0002046CD61FFF79AFC3146F6E730B4EFF309
:100DB000108272B6C36E1BB11C6823498C4203D0EB
:100DC00082F3108830BC7047816E0029F8D0EFF3B1
:100DD00005841E490968214304D11D4C25681D4C1A
:100DE000A5420DD11C498166D3F8A00082F310887A
:100DF000002230BC4FF4805100F5127002F04CBB61
:100E0000046F816684421BBF416FC3F8EC40C3F896
:100E1000EC10616718BF0C67D3F8F0100139C3F804
:100E2000F010016B0C29CBD19B6B0C49052B0CBF2F
:100E300001233823C0F884300B6801330B6082F340
:100E4000108830BC03F0E4B820504354D000003484
:100E5000B44C1434CC50143449FF10701C4C14346E
:100E60000023C0E90533C36180F89C30C0F8CC3062
:100E7000C36680F89E308368002B0CBF02230123D9
:100E80008363704770B50446856BFFF7E9FFD4F8BC
:100E9000C03013B1204601F0FBF9D4F8EC00B8B92A
:100EA000D4F8F430C3B9D4F8FC0010B11946FFF7F8
:100EB000B9F9D4F8000110B10021FFF759FA052D56
:100EC0000FD1D4F8183163B12046BDE870401847FF
:100ED0000021FFF76BFFE0E70021184601F0FCF965
:100EE000DEE770BD2DE9F0410C46054617460021AE
:100EF0004FF4967220461E46DDF8208004F004F878
:100F000040F2B4532362069B012103F48043C4F8EA
:100F1000AC30079BC4F8A460C4F8A830244B05F596
:100F20009E761B68C4E90171A364224BA1661B680D
:100F3000A163C4F8D0300A23C4F8D8301423C4F80D
:100F40002831C4F8BC30099B4FF0FF31C4F814318C
:100F50000A9B3046C4F81831FF23C4E91C88C4F842
:100F6000A05084F8DD3002F05BFCEFF3108172B624
:100F7000114B2360D5F88C34A3B1D3F81021C3F8FA
:100F80001041C2F80C41C4E94332D5F89034013322
:100F9000C5F8903481F31088304602F063FD0020DC
:100FA000BDE8F08122462346C5F88C44EBE700BF3C
:100FB000D84B1434D44B14342050435470B50446E9
:100FC000D0F8A0504FF0FF3105F59E76304602F084
:100FD00027FC22681D4B9A4204D0304602F042FDA5
:100FE000272070BDD4F8E0302BB9D4F8E82012B92E
:100FF000A36B012B04D0304602F034FD4220F0E711
:10100000EFF3108172B6D4F80C312260A3420DD1F7
:10101000C5F88C24D5F89034013BC5F8903481F3A1
:101020001088304602F01EFD0020DAE7D4F81021C7
:10103000C3F81021C2F80C31D5F88C34A34204BF98
:10104000D3F80C31C5F88C34E4E700BF205043548A
:101050002DE9F0410446D0F8A0500F4605F59E76E4
:101060004FF0FF31304688B002F0DAFBD5F8D030CF
:101070000133C5F8D030A36B052B00F09180DA1E48
:10108000012A0AD9062B41D0304602F0EBFC4FF082
:101090003808404608B0BDE8F081A268B2B1042B20
:1010A0000CD1D4F8D030E16BC4F8CC300023C4F8B4
:1010B000D4304B1C2046E363FFF7D9FD0123A36323
:1010C0000023C4F8CC304FF0000831E0042B0DD1E0
:1010D000A36A5BB1D4F8D030E16BC4F8CC304B1CC0
:1010E0002046C4F8D420E363FFF7C1FD0223A363C5
:1010F000236C013B2364E3E70B2354E00021FFF75B
:1011000055FE41E0002101F0E7F841E0002FF3D166
:101110004FF480130693E36B20460593236C03A9D9
:101120000493FFF7CBFD2046FFF79AFE4FF03708F8
:10113000A36B013B012B1BD905F5CC73224D2A680B
:101140009A4215D033462246204904F58070009714
:1011500001F06EF84FF0FF31304602F061FBA36BF7
:101160000A2B02D02046FFF77BFE2B68D3F8848041
:10117000D4F8C43013B1204601F08AF8D4F8FC004A
:1011800010B10021FFF74EF8D4F8EC000028B5D1DB
:10119000D4F8F4000028B5D1304602F063FC78E7BB
:1011A000002FB5D00723A363D4F8C4302BB9D4F8EB
:1011B000D020C4F8D430C4F8CC20E16B20464B1CBE
:1011C000E363FFF754FD7EE7B44C143471031170F0
:1011D00000232DE9F043044687B08F6801AE0D4629
:1011E00000930FCF0FC6D4F838C03B680498336023
:1011F000BCF1030F4FEA10764FEA860665D9D5F8A1
:1012000024800A46B8EB0609236C676F00F4802E31
:1012100033D1EFB9994222D010F4101F1FD100F43E
:10122000B813B3F5801F1AD0BEF1000F03D12046CA
:10123000E16BFFF76DFCD4F8A020D2F8BC3001338D
:10124000C2F8BC302846FEF79FFD07B0BDE8F0832A
:10125000C91A0029E8DB3B449B1A002BE4DDBEF1F0
:10126000000F20D0D4F8A020D2F8DC300133C2F82F
:10127000DC302046FFF706FEE4E7002FD4D0C91A81
:10128000002903DBD919891A0029E8DC511EC91A83
:1012900011EB090FC8D4C2F1010131440B443B44A6
:1012A000A3EB0803D9E7800306D50132204601A944
:1012B0000292FFF703FDDCE7BCF1040F7CD020466F
:1012C00001A900F028FA0028BCD0142E23D9A86860
:1012D0006A46A6F114011430FFF7A4F9D8B9049AAC
:1012E000D10209D4029B696A9B1B0B44591C12F45E
:1012F000403F18BF0B460293204601A9FFF7DEFCD2
:101300002046FFF7BFFDD4F8A020D2F8B830013353
:10131000C2F8B83096E7A36B033B082B2ED8DFE862
:1013200003F0054D1E2A343D462D2F002A46204647
:1013300001A900F0AEFEA36B052B1FD12946204664
:1013400000F0F6FB0646049B9B0204D5D4F814314A
:101350000BB120469847002E7FF477AF72E72946FD
:10136000204600F0E5FB0646204600F0BBFD204687
:1013700000F00CFFE7E7204600F008FF0026E2E758
:10138000204601A900F03AFEF8E72946204600F081
:10139000CFFB0646204600F0CDFDD4E72946204687
:1013A00000F0C6FB0646204600F002FECBE72046D2
:1013B00001A900F03FFBE1E7142E88D8204601A9DF
:1013C00000F036FEB7E700002DE9F7434FF00009C3
:1013D0000446D0F8A0800E4608F59E75C1F800902E
:1013E00028464FF0FF31174602F01AFAD4F8E030E1
:1013F00033B9284602F036FB242003B0BDE8F08361
:10140000D4F8B40050B9A36BDA1E052A01D8062B14
:1014100043D1284602F026FB3820EEE7C369B3F13A
:10142000BB3F3AD1D4F8B830D4F8B010984218BFC6
:10143000036A01F1FF3118BFC4F8B430836808BFF4
:10144000C4E92D99DA68C4F8B010120F03EB8203D7
:101450008360436A4FF0AA37A3EB82030022436202
:10146000C0E907273060206F024609B1626F1A4455
:10147000A36F6267D21AB2EB500F09D3A36B052B8F
:1014800002D0073B012B03D82046E16BFFF740FB5E
:10149000284602F0E7FA0020AFE7D7B1DFF8409026
:1014A00008F5CC78D9F80030434512D0DE67D4F87F
:1014B000F03004F1EC000133C4F8F03022462B4642
:1014C0000649009700F0B4FED9F80030D3F8840044
:1014D00093E7284602F0C6FA01208EE7AD0D1170A1
:1014E000B44C143470B5002304464FF0AA35D0F83C
:1014F000B400C4E92D33D4F8B03003B970BD066A26
:101500000562FEF741FCD4F8B0303046013BC4F828
:10151000B030F0E72DE9F04F8046486D0C46D1F829
:10152000C45087B0002837D17DB3AB68DA6811BAF0
:10153000D9605968C2F303160DBA5D6013F82660CE
:10154000C4E9250584F89D60012684F89C605960F3
:10155000DA602046D4F89420D4F8D4300132C4F8AC
:10156000942094F8DC2001335A43C4F8D430D4F8E2
:10157000D030D4F89810934094F89D20C4F8CC3023
:1015800007B0BDE8F04FFFF781BB91F89C30002B0E
:10159000DFD107B0BDE8F08F91F89C30D1F8D400CE
:1015A000012B08BF002300F1010008BF81F89C3027
:1015B000012AC1F8D40002D091F89E30A3B9236A61
:1015C000E16D5E004908B14238BF3146012A01BFD2
:1015D0009B195B18A365E36B616309BF03F1FF33DC
:1015E000A36584F89E20236694F8DC20D4F8D030DC
:1015F0004243A76D9340C4F8CC30002DC9D0EB69AD
:10160000B3F1DD3FC5D16A6A1437BA42C1D8636904
:10161000AE68042B18BF0021D4F828C008BF85F895
:101620002C30B068D4F840B00490F068D4F874E07E
:1016300005909BFA8BF0D5F82090B0604EF0A0405A
:10164000D6F810A040F4C01000BAF0604FEA1A407B
:101650004FEA0040C4F844B0C4F878E03061DCF8E8
:10166000480012BF0B460CF1140304F118014007A7
:10167000A7EB02074AD4009128460621FCF7F9FFA0
:10168000C0433369000400BA03433361B368049A6A
:10169000934209D1F368059A934205D133695345C2
:1016A00004BF012385F82D30D8F8D8300133C8F8AD
:1016B000D830D4F88C300133C4F88C3094F8DD3055
:1016C000FF2B18BF85F82F300023EB616369042BD3
:1016D00011D1E36A29460393D4F8AC304046029313
:1016E0004FF4C0230193D4F8A8300093D4F8A43069
:1016F000A269FDF74CFDB9F1EE3F3FF44AAF94F813
:101700009E30012B3FF445AF4D4676E7AB6B43F07F
:101710000403AB63BAE7CB682DE9F74FDB0204465D
:101720000F463BD5D0F83C9090F89C30D0F8B820CC
:10173000002B59EA0998002A34D092F82C30042B57
:101740002CD1516B93688869526A0344134401F1A8
:1017500014029B1A0A6A120FA3EB82030093BB6860
:10176000D4F85CB04345A9EB0B0A1DD1A36BD4F8A8
:10177000C050062BD4F8C82002D90123A4F8523057
:10178000BB68002D40F0EF80984577D0A3EB0803AD
:10179000002B7FDD41462046FFF7BAF9002003B059
:1017A000BDE8F08F036CD9E7D4F8C4603046D6B1F9
:1017B000F269B2F1DD3F55D1534510D1E36E0133EB
:1017C000032BE36644D1236EAAEB0303013B002BFA
:1017D00033DD01222146D4F8A000FFF79BFED0455F
:1017E0008CBF0020012000252A46002EC8D0D6F844
:1017F00008C0F1696346B1F1DD3F1EBF736B96F817
:101800002E105B18596891FA81FE716A8C44F44479
:10181000ACEB030C1B7B1B09ACEB830CBB6818BB4C
:101820009C45ADD89845ABD3336A3246B3F1EE3F11
:1018300014BF1E4600260135D7E7226AA36D9342E6
:10184000CDD9636EAAEB0303B3EB8203C7D5C0E720
:10185000C5D994F89E30012B01BFA36D226A9B1855
:10186000A365BCE70020BEE7E24504D99A4587D9C5
:101870009C45D9D984E79A45D6D8F9E7636F4BB927
:101880007968236C994205D1414620460192FFF7C1
:101890003FF9019AB868A0EB0909D944B9F1000FE2
:1018A00004DDA0EB0808B8F1000F0ADD7B680099A1
:1018B000591A002905DC00998B4204D1B9F1000FB7
:1018C00001DBBB896365616DE36D994206D8D4F88D
:1018D0009830984224BF0023C4F89430002D40D0A3
:1018E000D4E9316393427AD0136AC4F8C430D4F88F
:1018F000C0305B1BC4F8C030D4F8D030C4F8CC3052
:101900000023C4F8D4304FF0AA380027013D3046F8
:10191000366AEFF3108C72B6C369C0F82080B3F159
:10192000DD3F6DD18CF310888368E16D1A7B436ACB
:101930001209A3EB820C6145A1EB030303EB8203C5
:1019400098BF3B46E365FEF71FFA013DDFD294F8EE
:101950009E30012B05D100222146D4F8A000FFF7CC
:10196000D9FD01201BE794F89E10206E012907D1B4
:10197000191A0029C1BF002184F89E10616BA1656E
:10198000C01A10F1020F44BF991E21660021E166C2
:1019900094F89E10A3EB0903012903EB0B00C4F894
:1019A00064A0A36D08D1266A191A864201EB0603CA
:1019B00028BF0B46A3656DE7616B994208D8216B80
:1019C00099422CBFB1FBF3F101211944A16561E7F4
:1019D000216ACE188142034498BF3346EAE70023C8
:1019E000A26BC4E93133072AC4F8C03084D022F096
:1019F0000202092A80D0002985D0C4F8CC3082E7C1
:101A000090F82E20436B416A1344826893F80CE0EF
:101A10000A44E06D4FEA1E1ED11AA1EB8E019B1AFB
:101A20000344884203EB8E0398BF3B46E3658CF387
:101A300010888AE7CB6810B5DB0204461CD58A689B
:101A4000C36B9A4218D14A68036C9A4214D10A2394
:101A500083630A4B1B68C0F8CC30D0F8003123B147
:101A6000002100F5807000F0BDFBD4F818311BB1E7
:101A70002046BDE81040184710BD00BFD04B1434BD
:101A8000436A30B48B420CD9591A4162D0E9024200
:101A9000151B8D4203462144406804DA891A002848
:101AA000F4D130BC70470022D9605A600028F8D0C9
:101AB00030BC4FF0AA330362FEF766B92DE9F84354
:101AC000436A04468B420D461AD9C9B15B1A436278
:101AD00083684FF00008143383604FF0AA3903463F
:101AE000D3E902073A1AAA4200EB050614D29C4237
:101AF00008D1E060F51B6368F2D1A368143BA360D2
:101B0000BDE8F8835A6818466260C3F80480C3F8D9
:101B10002090FEF739F9EDE79C4207D13146521B80
:101B200003F0D8F9E3685B1BE360E6E79E60E4E757
:101B30002DE9F04F8E684F6AF368D6F804801B0FCA
:101B4000A7EB830704460D46D0F8A0A0D0F840B01C
:101B500085B008EB0709FFB1ABEB080100290BDDED
:101B6000A8EB0B084744D84628460091FFF7A6FF8C
:101B7000736800990B447360236C626F1344A9EB84
:101B800003010029009307DD2846FFF779FF009B3A
:101B9000A3EB09094F449946F368DB0305D5736845
:101BA0003B44E3640123A4F85030A7B9A36B052B91
:101BB0000DD1D4F8B03053B9236C7268934206D07B
:101BC000013B9A4203D02046E16BFEF7A1FF0020C3
:101BD00005B0BDE8F08F0023216CD4F8B800EB61AC
:101BE0000B4650B1D0F808C0426ADCF80430134408
:101BF000DCF80C20120FA3EB820372688A425ED1DC
:101C00008B425CD14FF0BB33EB61002851D00562B1
:101C1000C4F8B8504FF0EE33D4F8B0600136C4F8D1
:101C2000B0602B62C4F84090DAF8B0300133CAF8E3
:101C3000B030DAF8B4303B44CAF8B430D4F8843069
:101C40000133C4F88430D4F888303B44C4F8883079
:101C5000236C5B4507D0626FABEB03031A446267EA
:101C6000A26F1A44A267D4F8B0309A1B082A19D977
:101C70004FF0AA32D4F8B800012B026240F2E5809E
:101C8000D4F8B4301D461B6A9842FBD1FEF77CF8AD
:101C90004FF0EE33C4F8B8502B62D4F8B030013BAB
:101CA000C4F8B0304FF0AA354FF0000804F1EC074B
:101CB000F4E08B4BC4E92D551B68A364AAE7D4F864
:101CC000B4607EB92046E16BFEF722FF0123C4F821
:101CD000B030834BC4E92D551B68A3644FF0EE333D
:101CE0002B62A1E7A8EB0101002903DD2046E16B8F
:101CF000FEF70EFF0023D4F8B4600093002E5AD0F4
:101D0000B6F1EE3F00F09C80B1684B68C868716A1C
:101D1000000F1944C1EB80024FEA800C18EB02005F
:101D2000019001D4316A3CE0B3EB0900029042D546
:101D3000A1EB0C01A8EB0300A1EB090C50EA0C008D
:101D40007FF541AFA3EB0800002868DB19EB020F19
:101D50002AD4CDE902234FF0AA33D4F8B000316A77
:101D600001383362C4F8B00030460191FEF70CF838
:101D7000DDE90223DDE90061DAF8B000134401383F
:101D8000CAF8B000DAF8B4001844CAF8B400D4F8BD
:101D900084000138C4F88400D4F888001844C4F8DA
:101DA000880000960E46A9E7A9EB03012846FFF735
:101DB00067FE029B1F44009B002B43D1C4F8B45024
:101DC0001EB94FF0EE36C4F8B8502E624FF0BB3C4F
:101DD0000026D4F8B030206C0133C4F8B030D4F809
:101DE000B4309D685A6A6968ED680A44411A2D0F3B
:101DF0000029A2EB8502FFF617AF111A0029C4BF14
:101E00002264C3F81CC01B6AC8BF1046B3F1EE3F82
:101E100006F101063FF408AF002BE2D104E730469B
:101E2000A1EB0801FFF72CFEDAF8B430019A134455
:101E3000CAF8B430D4F888301344C4F8883071E755
:101E40000026B8E7009B1D62BAE7FDF79DFF00235F
:101E5000C4E92D3321E7D4F8B430013A196A013EC0
:101E6000C4F8B410C3E90785C4F8B0209A68D168F3
:101E7000090F02EB81029A605A6AA2EB8102DCF838
:101E80007C105A620B60D4F8F0300244013B002110
:101E900038466267C4F8F03000F0A4F9D4F8B020F6
:101EA000606F26B1D4F8ECC0BCF1000FD3D10AB9F1
:101EB000C4E92D22A36FC51A236F5E08236C5B450E
:101EC00004D0D4F81C310BB120469847B54201D25A
:101ED00001207DE62046E16BFEF71AFEF8E700BF21
:101EE000D84B1434B0F8503010B5D0F8A0100446D8
:101EF000F3B1026CC36C93421AD1D1F8D0200133F4
:101F00000132C1F8D020062203648263D4F8EC00C9
:101F100050B92046E16BFEF7FBFDD4F818313BB118
:101F20002046BDE8104018470021FEF73FFFEDE7CF
:101F300010BD0000B0F8522010B5B0F85030044683
:101F400022B323B90822C0F8CC30826310BD026CE2
:101F5000C36C93421CD10A228263144A0133126873
:101F60000364C16BC0F8CC20FEF7D2FDD4F8003179
:101F700023B1002104F5807000F034F9D4F8183151
:101F8000002BE3D02046BDE810401847002BDDD0E1
:101F9000226CE36C9342D9D1092201332046E16BD4
:101FA000A2632364BDE81040FEF7B2BDD04B1434E9
:101FB000B0F8503010B50446EBB1026CC36C9342DC
:101FC00019D10A2282630C4A013312680364C16B7F
:101FD000C0F8CC20FEF79CFDD4F8003123B10021DD
:101FE00004F5807000F0FEF8D4F818311BB12046DB
:101FF000BDE81040184710BDD04B1434CB6810B565
:10200000DB02044613D58A68C36B9A420FD14A6833
:10201000036C9A420BD1FEF723FFD4F8003133B1A1
:1020200004F580700021BDE8104000F0DBB810BD61
:10203000CA6830B4D502034629D58D68C46BA54261
:1020400022D192B242654263D0F8D420016A6AB1CB
:10205000816505229A631A6C5A64D3F8FC20B2B1E8
:1020600030BC002103F1FC0000F0BCB8B1F5896F71
:102070004FEA810201D29A65EBE740F68E00521AD0
:10208000814288BF521AF6E730BCFEF717BE30BC5B
:10209000704738B5CB68044613F4802510D0DA02B7
:1020A00073D58A68C36B9A426FD1D0F8A020D2F85A
:1020B000DC300133C2F8DC30BDE83840FEF7E2BE68
:1020C00003F49012B2F5901F30D1C06B8A6882423F
:1020D00050D14A689BB263656363D4F8D43001324F
:1020E0002264E565226A9BB1A26501462046FEF79F
:1020F0000FFD05230021A363D4F8FC30C4F8CC10F5
:10210000002B42D004F1FC00BDE8384000F06AB872
:10211000B2F5896F4FEA820301D2A365E5E740F685
:102120008E019B1A8A4288BF9B1AF6E7B2F5003FE0
:1021300020D14A689BB201320264026A4365B2F55B
:10214000896F43634FEA82030DD2A3650422002303
:10215000E16B2046E365A263C4F8CC300139BDE8E9
:102160003840FEF7CBBD40F68E019B1A8A4288BFED
:102170009B1AEAE7DB0208D58A68E36B9A4204D02F
:102180002046BDE83840FEF799BD38BDD0F8F430A0
:1021900010B504462BB3D0E91532934209D9C16E6C
:1021A000013901299CBF016A02EB4102934228BF19
:1021B0001346E26D9A4214D2D4E92F329A4210D2D9
:1021C000D4F820310BB120469847D4F8F83004F108
:1021D000F400013BC4F8F8300021BDE8104000F0E5
:1021E00001B810BD034610B4EFF3108472B6006856
:1021F000B8B1026F82420DBF00221A60436F1A60AD
:102200001CBF53671A670023084A836613680133AB
:10221000136084F310885DF8044BC0F8841001F05B
:10222000F7BE84F310885DF8044B70471C4C1434DF
:10223000F8B5069F05461846EFF3108672B6124BA6
:102240001C682B68DBB123675B6F63672B685B6F70
:102250001C672B685C670C2323630123C4E91A12F3
:102260000A4AA3631368E7640133136086F3108896
:1022700001F0F8FB2046BDE8F84001F03DBF2C60BE
:10228000C4E91C44E7E700BFB44C14341C4C1434BC
:1022900070B5002304464FF0AA35D0F8C400C4E955
:1022A0003133D4F8C03003B970BDEFF3108372B688
:1022B000C269066AB2F1DD3F05620AD183F3108874
:1022C000FDF762FDD4F8C0303046013BC4F8C030A1
:1022D000E7E783F31088F5E730B4EFF3108272B6C6
:1022E000C36E1BB11C6826498C4203D082F3108850
:1022F00030BC7047816E0029F8D0EFF30584214986
:102300000968214304D1204C2568204CA5420DD1F9
:102310001F498166D3F8A00082F31088002230BCE8
:102320004FF4805100F5127001F0B6B8046F816669
:1023300084421BBF416FC3F8F440C3F8F4106167D7
:1023400018BF0C67D3F8F8100139C3F8F810016B07
:102350000C29CBD1996B052910D1D3E92F319942A2
:1023600034BF392349230B49C0F884300B6801334B
:102370000B6082F3108830BC01F04ABE3823F2E7CC
:1023800020504354D0000034B44C1434CC50143496
:1023900049FF10701C4C1434024BC0F80834002064
:1023A000704700BFA92311702DE9F047D0F8903095
:1023B0000E46496A013307290546C0F8903009D80E
:1023C000D5F898300133C5F898303046BDE8F0476D
:1023D000FDF7DABCD6F80890D9F80420D9F8003017
:1023E00012BA1BBAB1EB124FC9F80030C9F8042079
:1023F000E6D3DFF81CA21FFA83F803EB132303F0E4
:102400001F07DAF800305BB1EFF305827C4B1B68E5
:10241000134305D14FF0FF3100F59E7001F000FA33
:1024200005EB8707D7F880331C468BBB96F82C202A
:10243000042A11D1D5F8702372B1D9F800203146A1
:1024400012BAC9F80020D9F80420284612BAC9F8EF
:1024500004206C4AFCF732F8D5F89C300133C5F8FB
:102460009C30D5F8A0300133C5F8A030DAF8003040
:10247000002BAAD0EFF30582614B1B681343A4D154
:1024800005F59E7001F0EEFA9FE7E46CA3420FD0D1
:10249000A2684245F9D1A369716A0133D5F8942045
:1024A000A361E36908390A440B44C5F89420E36149
:1024B000DAF800304BB1EFF30582514B1B68134340
:1024C00003D105F59E7001F0CDFAA368434524D0F1
:1024D000D5F89C300133C5F89C30D5F8A0300133D5
:1024E000C5F8A03096F82C30042B7FF46EAFD5F8E9
:1024F0007033002B3FF469AFD9F8003031461BBA76
:10250000C9F80030D9F8043028461BBAC9F804309D
:102510003C4A0023FBF7D2FF57E7EFF3108272B675
:10252000394B216899420FD0D5F89C300133C5F85A
:102530009C30D5F8A0300133C5F8A030636A013370
:10254000636282F3108840E7D7F88033D4F8708054
:10255000A34204D0D5F844310BB9C7F88043A36D2A
:102560002BB3196F294D99420FBF0021586FA165F8
:10257000486718BF01674FF0000008BFA165E16D13
:102580000139E1652968986601312960D96F0E60CB
:1025900082F31088C3F88400184601F039FDB8F1C1
:1025A000000F2AD020464346BDE8F0471847D4F82C
:1025B0003CC0606C0CF10107C0B1A16CCE61A66497
:1025C000F361236CE763BB4214D2C369C4F83CC017
:1025D0006364D5F8A0300133C5F8A030636A0133D5
:1025E000636282F31088FDF7CFFBD8E7C4E9116678
:1025F000F061E76382F31088D1E7BDE8F08700BFA0
:10260000D000003400000303205044551C4C143407
:10261000B44C14342DE9F0439846002385B003935D
:102620000B680446042B0D469146D0F8A06010D0EC
:1026300006F59E774FF0FF31384601F0F1F8D4F8F7
:10264000E0308BB9384601F00DFA242005B0BDE822
:10265000F08300F12C034968304603AAFCF7E0FD43
:102660000028E5D02120F1E7A36B012B06D00A2B2F
:1026700004D0384601F0F6F93520E7E7D6F8CC006B
:10268000D6F8C410431CC6F8CC304B1CC6F8C43076
:102690000323A3632B68039A042B63610ABF6B684F
:1026A0000023A361C4F81C9008BF142322B94FF083
:1026B000FF3001F059FCFAE7556A1C339D420FD2F6
:1026C0000123C6F8CC00C6F8C410A3630023384623
:1026D0006361A361E361E36201F0C4F94C20B5E7F3
:1026E000E56BA262002D45D102F09CF80004E06386
:1026F00002F098F8E36B18430025236F0130C4E91A
:102700001D33D4F8D0302565C4F8CC30D4F8B030BF
:10271000E063C4F8D45013B12046FEF7E3FEE16B4A
:102720002046C4E91655C4E91F55C4E92155C4E93A
:102730002355C4E93155C4E92C55C4F8C050C4F838
:10274000B8500139FEF7DAFAB8F1000F18D00F4D82
:1027500006F5CC762B68B34212D03B4604F1FC0060
:1027600022460B49CDF80080FFF762FD2B68D3F8B5
:1027700084006BE702F056F805F580352844BBE786
:10278000384601F06FF9372060E700BFB44C1434CD
:102790002502117030B4F0B10468134B9C421AD179
:1027A000C9B1D0F8E436CBB9332A19D9EFF305858E
:1027B0000E4B1C682C4306D0EFF305841B682343A3
:1027C000B3F1F03F0ED30A4B1C680A4B9C4209D070
:1027D00030BCFBF72DBA072030BC70471520FBE753
:1027E0000920F9E71120F7E720205049D0000034F4
:1027F000B44C1434CC501434D0B102680F4B9A420C
:1028000016D1D0F86833ABB9EFF305810C4B1A68D9
:102810000A4306D0EFF305821B681343B3F1F03F80
:102820000AD3084B1A68084B9A4205D0FBF7F0BC54
:10283000072070471520704711207047202050490D
:10284000D0000034B44C1434CC50143430B420B321
:102850000468154B9C4220D1002909DA01F040435D
:10286000B3F1004F04D001F06043B3F1404F17D1F2
:10287000EFF305850D4B1C682C4306D0EFF3058460
:102880001B682343B3F1F03F0CD3094B1C68094B81
:102890009C4207D030BCFBF7E7BE072030BC704736
:1028A0002120FBE71120F9E720205049D000003417
:1028B000B44C1434CC5014342DE9F04F8846002128
:1028C0008BB01446DDE9166B99460546DDF850A03D
:1028D0000991002874D0BAF1000F71D0DAF8002005
:1028E0003F4B9A426CD1159B002B69D0002E67D0CC
:1028F000199BB3F5FC6F63D1BBF1C70F67D9189B68
:102900001F2B66D801F022FA0BF1FF37034637443C
:1029100028B1002109AA079001F054FA079B314918
:10292000314A0968126801F1010CBCF1010C31D186
:1029300023B11846099909AA01F044FA002C09DAD2
:1029400004F04043B3F1004F04D004F06043B3F10E
:10295000404F40D1EFF30581244B1A680A4306D05B
:10296000EFF305821B681343B3F1F03F35D3204BDF
:102970001A68204B9A4230D0189B2246CDE903B307
:10298000159B4146CDE900A328464B460296FBF72E
:10299000CDFE16E0AA420DD0D2F8A401B04203D871
:1029A000D2F8A811B14205D8B8420DD8D2F8A80182
:1029B000B84209D923B11846099909AA01F002FAC7
:1029C00007200BB0BDE8F08FD2F81027ADE7092043
:1029D000F7E70A20F5E72120F3E71120F1E700BF30
:1029E0004B434150AC4B1434B04B1434D000003442
:1029F000B44C1434CC50143430B4C8B104680F4B08
:102A00009C4215D1A2B1EFF305850D4B1C682C43F8
:102A100006D0EFF305841B682343B3F1F03F0AD3DC
:102A2000084B1C68084B9C4205D030BCFBF7CDBF5F
:102A3000072030BC70471120FBE700BF2020504921
:102A4000D0000034B44C1434CC5014342DE9F0418F
:102A5000069F9646E8B1DFF858800568454518D1CD
:102A6000BBB1C9B990F82447B4B1B2F5007F15D213
:102A7000EFF305850B4C24682C4311D10A4C2468D4
:102A800074B10A4DAC420BD00697BDE8F041FCF79B
:102A9000D8B90720BDE8F0814C20FBE70A20F9E710
:102AA0001120F7E7D0000034B44C1434CC50143467
:102AB0002020504970B4B0B105680E4CA54212D127
:102AC00089B1940712D15BB10B4C246884B1EFF348
:102AD00005860A4D2D6835430AD1094DAC4207D011
:102AE00070BCFCF7A1BF072070BC70470A20FBE751
:102AF0001120F9E74B434150B44C1434D00000345A
:102B0000CC50143410B450B1036843B11C68064B68
:102B10009C4204D119B15DF8044BFDF792B807202F
:102B20005DF8044B704700BF4B4341502DE9F04F17
:102B30004FF0000B85B08A4617461C460646DDF866
:102B40003880CDF80CB000285ED0002B5CD00F9BF5
:102B50003C2B59D1B8F1040F5CD9002A5AD0E11CA2
:102B600021F0030104EB08033F325B1A22F0030259
:102B700023F003039A424DD801F0E8F808F1FF3939
:102B80000546A14418B1594603AA01F01BF9234B8D
:102B90001968234B1A680132013A20D125B1284621
:102BA000039903AA01F00EF9EFF305811D4B1A6892
:102BB0000A4306D0EFF305821B681343B3F1F03FDD
:102BC0002AD3194B1A68194B9A4225D023463A4604
:102BD00051463046CDF80080FDF76EF815E0D1E99A
:102BE0000803B14203F1FF33034407D0A04201D8E8
:102BF0009C4203D348450BD8994509D225B12846B4
:102C0000039903AA01F0DEF8072005B0BDE8F08FB4
:102C1000496BC1E70920F8E71120F6E7B84B1434F7
:102C2000B44B1434D0000034B44C1434CC501434AD
:102C300010B50446006890B1036883B11A680B4B65
:102C40009A420CD1826803699A420AD3C2684369E6
:102C50009A4208D8FDF798F800B9206010BD072007
:102C6000FCE70220FAE70320F8E700BF4B4341509E
:102C700010B50446006890B1036883B11A680B4B25
:102C80009A420CD1826803699A420AD3C2684369A6
:102C90009A4208D8FDF7D4F800B9206010BD07208B
:102CA000FCE70220FAE70320F8E700BF4B4341505E
:102CB00070B4D0B10668114DAE4216D1D0F8A03034
:102CC000D3F89434A3B1B1F5803F13D2EFF3058468
:102CD0000B4B1B6823430FD10A4B1B6863B10A4C93
:102CE000A34209D070BCFDF78BB9072070BC7047B8
:102CF0001420FBE74620F9E71120F7E72050435462
:102D0000D0000034B44C1434CC50143430B438B344
:102D10000568194CA54223D1D0F8A040D4F89444BA
:102D20000CB3002921D009DA01F04044B4F1004F7E
:102D300004D001F06044B4F1404F16D1B2F5803FA9
:102D400015D2EFF305850D4C24682C4311D10C4CA2
:102D5000246874B10B4DAC420BD030BCFDF7CEB93A
:102D6000072030BC70471420FBE72120F9E74620FC
:102D7000F7E71120F5E700BF20504354D00000349E
:102D8000B44C1434CC501434B0B101680D4A9142A3
:102D900012D1D0F8A030D3F894347BB1EFF3058290
:102DA000094B1B6813430BD1084B1B6843B1084AFE
:102DB000934205D0FDF7ABB9072070471420704748
:102DC0001120704720504354D0000034B44C1434C8
:102DD000CC501434A8B102680D4B9A4211D1D0F8EE
:102DE000943483B9EFF305810A4B1A680A4306D07D
:102DF000EFF305821B681343B3F1F03F05D3FDF7F2
:102E000001BB07207047152070471120704700BF95
:102E100020205049D00000342DE9F74F1E46DDE94F
:102E20000E93DDE90C780093109B0D4601939246BA
:102E30000446119B002852D001682F4A91424ED17E
:102E4000002D4CD0B3F5967F49D1EFF305812B4B84
:102E50001A680A4306D0EFF305821B681343B3F1E7
:102E6000F03F43D3264B1A68264B9A423ED004F5D6
:102E70009E7B4FF0FF31584600F0D2FCD4F89034DE
:102E8000D4F88C140133013B24D1584600F0EAFDFC
:102E9000D4F8943463B326F47F0327F480421343B9
:102EA00028D1B8F17F4F25D84FF6FE7309F1FF32D4
:102EB0009A421FD8019B52461093009B2946CDE9A8
:102EC0000E9320463346CDE90C7803B0BDE8F04FB1
:102ED000FEF708B8A94206D1584600F0C3FD072006
:102EE00003B0BDE8F08FD1F80C11CCE71120F7E763
:102EF0001420F5E70A20F3E720205049D0000034E1
:102F0000B44C1434CC501434B0B101680D4A914221
:102F100012D1D0F8A030D3F894347BB1EFF305820E
:102F2000094B1B6813430BD1084B1B6843B1084A7C
:102F3000934205D0FEF742B807207047142070472F
:102F40001120704720504354D0000034B44C143446
:102F5000CC50143410B4C0B10468104A944214D157
:102F6000D0F8A030D3F894349BB1EFF305820C4B2A
:102F70001B6813430FD10B4B1B6863B10A4A934282
:102F800009D05DF8044BFEF763B807205DF8044BE9
:102F900070471420FAE71120F8E700BF205043548F
:102FA000D0000034B44C1434CC50143470B4C0B1DC
:102FB00006680F4DAE4214D199B1D0F8A030D3F8C5
:102FC00094348BB1EFF305840A4B1B6823430DD176
:102FD000094B1B6853B1094CA34207D070BCFEF7E4
:102FE000F3B9072070BC70471420FBE71120F9E704
:102FF00020504354D0000034B44C1434CC5014341A
:10300000A8B102680D4B9A4211D1D0F8083483B9A7
:10301000EFF305810A4B1A680A4306D0EFF30582E5
:103020001B681343B3F1F03F05D3FFF7B5B9072091
:103030007047152070471120704700BF202050496D
:10304000D0000034836D896863B18889812808BF06
:10305000897B4FF0000008BF03EB511393F8283031
:10306000137070474B20704703322DE9F04105463D
:1030700088461F4622F00306EFF3108272B6244BF7
:103080001C682C6282F310883146284600F0C2F892
:10309000EFF3108272B650B1C8F8000058B917B1FA
:1030A0001C490B6863B182F31088102006E02B6A7C
:1030B000A342E6D1F0E782F310880020BDE8F0815A
:1030C000154BC4E91E68C4E91A35D4F8AC30013395
:1030D000C4F8AC30AB6A581CA86293B96C62C4E9FE
:1030E0001C44092323630123A3630B68E7640133B2
:1030F0000B6082F31088204600F0FEFFD4F88400B5
:10310000DCE76B6A586F2367606704675C67E8E712
:10311000B44C14341C4C14341D31117010B5EFF341
:10312000108472B6184B826E9A422AD1D0F8AC3015
:103130008B4226D1C36E23B31968144A914220D121
:103140009A6AF2B10021013A81669A620AB95A621A
:1031500006E0D0E91C2151670A67596A8142F6D01E
:10316000036B092B0DD11023094AC0F88430136872
:103170000133136084F3108800F04AFFEFF31084EA
:1031800072B684F3108810BD1D3111704554594238
:103190001C4C1434F8B51D46044616460F4634221E
:1031A000002101F0B1FE25F00303A3F10802A260A3
:1031B0000222C4E906633344C4E904666760E2603E
:1031C00043F8044C43F8086D33600E4B73600023E2
:1031D0002362EFF3108572B60B4B0C4923600B682A
:1031E0000B4A43B9C4E90B44146001330B6085F307
:1031F00010880020F8BD1268106B1463C462C4E923
:103200000B20F2E7EEEEFFFF45545942E44B143435
:10321000E84B1434F0B5EFF3108572B6C2688368DA
:10322000941E03EBC4038B4203D885F3108800205F
:1032300059E000262C4BDFF8B4C01F6843690762D1
:1032400001325C6864452BD106B943611E68F41AEB
:10325000083CA14229D9D6E900E464451CD1C468E0
:10326000C3F800E0013CC4604469B44200D143614A
:103270000126541E002A18BF224685F31088EFF35A
:10328000108572B6046ABC421FBFC268436901322E
:103290000762002AD5D1C8E722B17346013AE7E7B1
:1032A0001B68E6E773460126E7E7002CBDD0621AEB
:1032B000132A0AD901F108029C189E500B4A626039
:1032C000C2680132C2601C600C4682685860083ACD
:1032D000121B826042699A4204BF1A68426185F3F8
:1032E000108803F10800F0BDB44C1434EEEEFFFF7B
:1032F00038B5EFF3108472B61A4B826E9A422AD117
:10330000D0F8AC308B4226D1C36E23B31968164A6D
:10331000914220D15A69F2B1002181661969E9B15F
:10332000013A5A610AB91A6105E08842D0E91C25C0
:1033300055672A67F7D0036B072B0CD10B4AC0F8EF
:10334000843013680133136084F3108800F060FE4A
:10335000EFF3108472B684F3108838BD0122DA606E
:10336000E9E700BFF13211704E4456441C4C14344E
:1033700038B504460D462422002101F0C5FD6560E4
:10338000EFF3108572B60B4B0B4923600B680B4AA9
:1033900043B9C4E90644146001330B6085F3108817
:1033A000002038BD1268D069D4618461C4E9062068
:1033B000F2E700BF4E445644FC4B1434004C143426
:1033C000F8B5069F0546EFF3108672B680682C6A42
:1033D00020EA04041C602C6A20EA040C002C18BFAC
:1033E000604612F0020F00EA010001D0814212D1C2
:1033F00088B112F0010005D06B6933B1286920B99A
:103400000C432C6286F31088F8BDAB68002023EAD9
:103410000103AB60F6E7002F35D01C480468002C90
:1034200031D100292FD01A4CDFF868C02468C4E9D4
:103430001F32D4F8AC30C4F868C00133C4F8AC30E3
:103440006B69A167E566BBB92C61C4E91C44013313
:103450006B61072323630123A3630368E7640133DC
:10346000036086F31088204600F046FEEFF31086D6
:1034700072B6D4F88400C5E72A69516F2267616784
:103480000C675467E3E70720BCE700BF1C4C14340B
:10349000B44C1434F132117003462DE9F74FEFF3B9
:1034A000108572B612F00206426910D05AB1026954
:1034B0004AB9026A62EA0102026285F310880020BA
:1034C00003B0BDE8F08F9A680A409A60F5E7846817
:1034D0000C438460006A10B120EA01001862186988
:1034E0009046002800F0AA80012A29D1D0F8802037
:1034F000816F12F0020F04EA010701D0B94218D11E
:10350000BFB1C76FD2073C6042BF9A688A439A60D6
:103510000022C3E904228266C0F884204A4A136864
:103520000133136085F3108800F072FDEFF310850E
:1035300072B685F31088012EC1D100F04BFDBEE7B5
:103540000021414E074632688C46013232600A46FD
:103550001961019185F31088EFF3108572B6D9686F
:1035600031B19868D3F8148004433846C3F80CC0CE
:10357000D0F880B0D0F878901BF0020FD0F870E04F
:1035800004EA090A03D0D14518BF4FF0000A016BC5
:10359000072910D1BAF1000F21D0C16F1BF0010F24
:1035A0000C601EBF996821EA0909C3F80890C0F8A9
:1035B00068C0C0F884C070452AD0D0F87490B84272
:1035C000CEF87490C9F870E000D1076F596901F125
:1035D000FF39C3F81490EAB9026702460190B8F1C6
:1035E000010813D1186A1F6128B19968C3F82080B7
:1035F00021EA0001996085F310888AB9EFF31085FC
:1036000072B63368013B3360012692E77046A1E74A
:103610000027DBE7019901900867C0F870C0DEE77A
:10362000146FEFF3108172B633680133336081F3A6
:103630001088104600F0ECFC2246DEE7002A3FF43A
:1036400078AF0122DA6074E71C4C143408B500F03E
:1036500087FB00F05DFE00230C4A13600C4A1360E8
:103660000C4A13600C4A13600C4A13600C4A136036
:103670000C4A13600C4A13600C4A13600C4A136026
:103680000C4A13600C4A136008BD00BF104C143480
:103690000C4C1434084C1434044C1434004C1434C2
:1036A000FC4B1434F04B1434EC4B1434E84B14340E
:1036B000E44B1434F84B1434F44B143410B50E4C62
:1036C000236813F10F3F0AD04FF0F0332360EDF77A
:1036D0005FF8FFF7BBFF094A1368013313604FF02F
:1036E000F0332360064B1868EDF700FB00232360DE
:1036F000BDE81040EDF782B8D00000341C4C143403
:10370000E04B143410B5EFF3108472B6184B826E90
:103710009A422AD1D0F8AC308B4226D1C36E23B363
:103720001968144A914220D1DA69F2B10021013AB4
:103730008166DA610AB99A6106E0D0E91C21516715
:103740000A6799698142F6D0036B0D2B0DD11D23B9
:10375000094AC0F8843013680133136084F3108879
:1037600000F056FCEFF3108472B684F3108810BD9D
:10377000053711704554554D1C4C143470B5054631
:10378000EFF3108372B601260C4C226801322260DE
:10379000D5F8A40058B1866083F3108800F062F970
:1037A000EFF3108372B6D5F8A420002AF0D1226876
:1037B000013A226083F3108870BD00BF1C4C1434A2
:1037C00070B504460E4615460021342201F09CFBDC
:1037D00066602561EFF3108572B60C4B0C4A2360CE
:1037E0000C490D4B1A600B680C4A43B9C4E90844F4
:1037F000146001330B6085F31088002070BD1268DF
:10380000506A54620462C4E90820F2E74554554DF9
:103810007D371170F44B1434184C1434F84B1434B5
:10382000F8B50346EFF3108272B637489D68046816
:1038300005BB0121C3E902149CB11969012901BF2B
:10384000E16A596120219962D4F8A41069B1086B2A
:103850000B63C362C3E90B10D4F8A0300133C4F882
:10386000A03082F310880020F8BDC4F8A430C3E96A
:103870000B33F1E7D868A04202D101359D60F0E733
:1038800011B1224E35681DB182F310881D20EBE77F
:103890001F4DC4E91A53D4F8AC500135C4F8AC50EC
:1038A000DD693DBB9C61C4E91C440135DD610D252A
:1038B00025630125E1643168A5632944316082F301
:1038C00010881A69AA420FD1E16A9A6A8A4288BFAF
:1038D0009962D0F89C309942C36A38BFC0F89C10F6
:1038E000994201D200F062F8204600F005FCD4F8BD
:1038F0008400B9E79F69D7F874C02767C4F874C01B
:10390000CCF870407C67D0E7B44C14341C4C1434B1
:1039100005371170F8B5EFF3108172B6D0F81CC0FE
:10392000BCF1010F03D881F310880020F8BD836932
:10393000BCF1020F1A6FDC6AD56A03D1A54238BF09
:103940008261F0E7184C2568013525601D46DE6A66
:10395000D76AB74238BF134681F31088EFF310815E
:1039600072B68669C769AE4219D1674517D1126F21
:10397000AA42ECD12568934205F1FF35256009D0B4
:10398000D3E91C546C672567546FC3E91C24236773
:103990005367836181F3108800F01CFBC5E7BC46C8
:1039A00035463346326FE3E71C4C14342DE9F041C1
:1039B00004460D46EFF3108272B6016B51B1D0F898
:1039C0009830C562AB4294BFC363C56382F310886D
:1039D000BDE8F081DFF888C01F4EDCF80030D6F873
:1039E00000800233CCF800300E2303630123C76A42
:1039F0008363C16482F3108800F07EFBEFF31083D1
:103A000072B6D4F89820E562AA4294BFE263E563F7
:103A100083F31088204600F0FBFAEFF3108072B6B3
:103A20003268944214D0236B93B9E36AD16A8B4213
:103A300009D844450CD1AF4238BF084A346038BF7A
:103A400042F8234004E0E26B934201D99142F2D262
:103A500080F31088BCE700BFB04C1434204C143401
:103A60001C4C14342DE9F0410446EFF3108211464A
:103A700072B6806838B16B4DE3682D68AB4207D0F1
:103A8000694D2D6825B982F310881E20BDE8F081AC
:103A90000138A06018B182F310880020F6E7002BEF
:103AA000F9D0D3F8A0000138C3F8A00010B9C3F8CA
:103AB000A40007E0D4E90B050563E862D3F8A4503D
:103AC000A542F4D0A569206915B908B9E060E2E71C
:103AD0000128D3F89470544D1ED129680131296012
:103AE00082F31088D3F8A41020200A464AB1166940
:103AF000012E03D1966AB04228BF3046D26A914265
:103B0000F4D1EFF3108172B6874228BF07462A68C6
:103B1000C3F89C00013A2A60E369012B10D923699C
:103B2000012B0DD12B6801332B6081F310882046C7
:103B3000FFF7F0FEEFF3108172B62B68013B2B60AC
:103B4000A669D6B92B6801332B6081F31088202336
:103B5000E068A362C36ABB4202D03946FFF726FF82
:103B6000EFF3108272B62B68013B2B600023E360F9
:103B700082F3108800F02EFA8FE72369012B09BF2A
:103B8000F36A4FF000086361202308BFA362D6F8F0
:103B9000A03008BFD4F80C80002B34D1C6F8A44064
:103BA000C4E90B440133C6F8A0300123C4E902364E
:103BB000E369013BE36173BBA3610023B366C6F80D
:103BC00084302B6801332B6081F310882369012B2B
:103BD00015D1E3695BB12046FFF79CFEEFF310823D
:103BE00072B6A3690BB1DB6AA36282F31088D8F8BE
:103BF0002C30BB4203D039464046FFF7D7FE304653
:103C000000F006FA49E7D6F8A420106B1463C462EA
:103C1000C4E90B20C6E7336F726FA3615A6713675D
:103C2000CBE700BFB44C14341C4C14342DE9F84FCE
:103C30000446DDE90A678A469146EF213A46304656
:103C40000C9D9846DDF838B001F05EF9B0220021F5
:103C5000204601F059F92023C4F89C300D9B676180
:103C60009D424FF0030307F1FF3723632F4BE660BC
:103C70003E442046C4E91198C4E906BBC4E91534A2
:103C80002B49C4F828A0E562C4F89450266104BF0B
:103C9000E563C4F89850ECF717FEEFF3108172B6A5
:103CA000244B254823600368244A23BBC4E92244EB
:103CB000146001330360224B1A6801321A600F9AB4
:103CC000012A25D1EFF305821E4B1B681343B3F184
:103CD000F03F1AD31C4B1D682E4615B1EB6AEE6BF4
:103CE000EB6381F31088204600F092F905B1EE6392
:103CF0000020BDE8F88F1268D2F88C50C2F88C40D2
:103D0000C5F88840C4E92225D3E700263546E8E710
:103D100081F31088EFF3108172B61A68013A1A60C5
:103D200081F3108800F056F9E2E700BF45421170B8
:103D3000153F117044524854A84C1434AC4C143400
:103D40001C4C1434D0000034B04C1434EFF3108306
:103D500072B6024A106883F310887047B44C14346A
:103D600010B5002420220D4B21461C600C4B0D4841
:103D70001C600D4B1C600D4B1A60802201F0C4F8D2
:103D80000B4B0C4A1C600C4B1C600C4B1C600C4B0E
:103D90001C60136843F08573136010BDB44C143479
:103DA000B04C1434204C1434A44C1434A04C1434AF
:103DB000AC4C1434144C1434A84C14341C4C14342F
:103DC000184C1434D0F8943010B58B4218BF002131
:103DD000EFF3108372B6D0F894408C4222D3D0F81F
:103DE00098401460D0F89C20C46A8A4294BFC26391
:103DF000C1630E4AC0F898101268944210D98A42E2
:103E00000ED20B490C6884420AD10A4850F822208D
:103E10000A6083F3108800F0DDF8EFF3108372B6C8
:103E2000002000E0182083F3108810BDA04C14344B
:103E3000B04C1434204C1434164B30B51B68EFF3DF
:103E4000108472B6144AD969D86A1160196A134A83
:103E500099421EBF124D116045F8201011490968A2
:103E600081423EBF0E4850F82110116084F3108843
:103E700012689A420DD04FF0E0234FF08052C3F801
:103E8000042DEFF3058323B9EFF3108362B683F3B8
:103E9000108830BDB44C1434BC4C1434B04C1434C1
:103EA000204C1434A04C143438B5EFF3108272B6A1
:103EB000036B032B1DD1EFF30581134B1B680B43E1
:103EC000B3F1F03F12D3114B1C68254614B1E36ADD
:103ED000E56BE3630E490B6801330B6082F31088D6
:103EE00000F096F804B1E563002038BD00252C46AB
:103EF000F0E7436B012B09BF002312204363192015
:103F000082F31088F1E700BFD0000034B04C1434C5
:103F10001C4C1434114B10B51C68D4E9113098476F
:103F20000F4B1B680BB120469847EFF3108172B618
:103F300001232363A36300230A4AE3641368013364
:103F4000136081F31088EFF3148323F0040383F3E9
:103F500014882046BDE8104000F0CEB8B44C1434AC
:103F6000184C14341C4C143438B5EFF3108372B66B
:103F7000144A14681CB983F31088132038BDEFF37A
:103F80000581114A12680A43F5D1104A9442F2D0D1
:103F900010B983F31088F1E70D4A11680029EAD1BE
:103FA000042525630125C4F884101168A5632944FC
:103FB000E064116083F31088204600F09DF8D4F887
:103FC0008400DBE7B44C1434D0000034CC501434FB
:103FD0001C4C14340B4B1B689BB90B4B1A680B4BD6
:103FE0001B689A420DD04FF0E0234FF08052C3F887
:103FF000042DEFF3058323B9EFF3108362B683F347
:10400000108870471C4C1434B44C1434B04C143425
:10401000F8B50446EFF3108572B6436E002B30D02E
:104020004C3000F009FA2E4AA06B13682D49013B71
:104030001360236B00284AD1DBB1636B002B41D1A5
:10404000294E2363E36A56F82300002834D146F84A
:1040500023400126254F9E403868C4E90844304378
:104060003860234806689E4203D90360086850B947
:104070000C60204B1B6885F310880968994208D1B1
:10408000F8BDC364CFE7C06B9842F2D90C6085F3EA
:1040900010881368002BF3D14FF0E0234FF08052CB
:1040A000C3F8042DEFF30583002BE9D1EFF3108360
:1040B00062B683F31088E3E7436A1C624462C4E992
:1040C0000803D6E70023636303232363D1E7013B9F
:1040D000012BCED9636B002BF4D1A363F5E700BFAE
:1040E0001C4C1434B04C1434204C1434A44C1434F0
:1040F000A04C1434B44C1434F8B5344B04461D6849
:10410000EFF3108672B685420AD1EB6C013B0333A4
:1041100003D805F14C0000F065F9E2692C4B1A60F8
:104120002C4A2D491368013B1360A36B012B46D128
:104130004FF0000ED4F820C0E76A64452748C4F861
:1041400038E012D0636ACCF82430C3F820C050F8AD
:104150002730A34201D140F827C00B68A3422ED1DB
:104160001F4B1B6850F823300FE0DFF878C040F891
:1041700027E003FA07F7DCF8003023EA0703CCF85E
:104180000030174FABB9202038600B6086F31088E1
:104190001368CBB94FF0E0234FF08052C3F8042DE1
:1041A000EFF3058383B9EFF3108362B683F31088CE
:1041B0000AE093FAA3F3B3FA83F33B60CDE786F307
:1041C00010880B68AB42E3D1F8BD00BFB44C143487
:1041D000BC4C14341C4C1434B04C1434204C1434E7
:1041E000A04C1434A44C1434104B1B68EFF3108013
:1041F00072B600210E4A1160ABB11A6B9AB9DA6936
:104200000C499A610A60196A99420CD0DA6ADB6B30
:104210009A4208D1084B43F82210084A126853F812
:104220002220074B1A6080F310887047B44C143476
:1042300018521434BC4C1434204C1434A04C143494
:10424000B04C143410B4EFF3108472B6026B042A2D
:1042500009D10B4A13680133136084F310885DF8A9
:10426000044BFFF7D5BE826ED0F8AC1084F31088F3
:1042700012B15DF8044B10475DF8044B704700BF66
:104280001C4C1434F8B504461D460F461646002152
:104290002C2200F039FE069B6760A360079B6561D6
:1042A000C4E90336EFF3108572B60E4B0E49236056
:1042B0000B680E4A7BB9C4E90944146001330B60F2
:1042C000089B012B03D104F1080000F08BF885F363
:1042D00010880020F8BD1268906A94624462C4E9B4
:1042E0000920EBE74D495441805114348451143472
:1042F000EFF3108172B6044A13680133136081F33F
:1043000010880248FFF784BE1C4C1434CC5014347F
:104310002DE9F0430024204B80221C601F4B2146D6
:104320001C601F4B87B01C601E4B1F4D1C601F4B39
:104330001F4F1C601F4B204E184600F0E5FD034642
:104340001E4A803310601E4A3C6010601D4ADFF830
:104350008C9013601C4BDFF888802B604FF48063D7
:104360001A4C336000233868CDE90433CDE90200EC
:104370003368424601932B682146009314484B460C
:10438000FFF754FC0028EDD1124B1860124B186057
:1043900007B0BDE8F08300BF1C521434BC4C143489
:1043A0001852143488511434C85014347C511434C5
:1043B000C050143498511434C450143494511434EB
:1043C0008C51143490511434C04C143433AF1170E8
:1043D000CC50143484511434805114344D49544118
:1043E0006544117003685A1E033217D88269AAB94E
:1043F000202B28BF20235A1E0C4B1B6803EB820383
:104400000B4A12689A429FBF9B1A0A4A12689B186D
:104410001A6822B9C0E904001860836170475169C5
:1044200008615061C0E90421F7E700BF8C511434E2
:10443000905114349451143483694BB10269904201
:1044400007D11A68824201D100221A6000238361D9
:104450007047416951610A6119688142F6D19361DF
:10446000F3E700003E4B2DE9F74F984275D1002548
:104470002F46A9463B4EDFF80081EFF3108172B65C
:1044800033681A6800920AB1C2F818D0364A43F865
:10449000047B12683360934208BF344BC8F8009025
:1044A00004BF1B68336081F31088EFF3108272B68B
:1044B000DFF8C8A0009C8CB9D8F80030002B49D197
:1044C00003232B482B490363012383630B680133C8
:1044D0000B6082F31088FFF70FFECEE72369CDF85B
:1044E00004909C420CBF0023616900931EBF596178
:1044F0000B61C3F818D02368202B1FD9203B236001
:1045000001ABA361002324610194CAF8004082F347
:1045100010880BB128469847EFF3108B72B6019BB9
:10452000CAF80070A34203D12046A761FFF75AFFE3
:104530008BF31088EFF3108272B6BBE76168D4E9A1
:104540000235216021B101A9A16124610194DCE758
:10455000A161DAE782F310888FE703B0BDE8F08F3E
:104560004D4954418C5114349051143494511434A5
:10457000CC5014341C4C1434885114347C511434F1
:1045800070B420B30568174CA54220D111B31AB3FB
:10459000C469944220D32BB1EFF30585124C2468F3
:1045A0002C431BD1114C2568114CA54218D0EFF3B8
:1045B00005860D4C2568354306D0EFF30585246844
:1045C0002C43B4F1F03F0BD370BCFEF74DBD02207D
:1045D00070BC70470320FBE70520F9E70420F7E7EC
:1045E0001320F5E745545942D0000034B44C14343C
:1045F000CC5014342DE9F0411E4688461546044639
:10460000069B10B90220BDE8F081342BFAD1EFF3FC
:10461000108172B6214B1A6801321A6081F310883A
:104620001F4A17681F4A10680130013801D0A7429D
:104630002BD1EFF3108172B61A68013A1A6081F338
:104640001088FFF7C7FCA742DCD005B3632E20D942
:10465000154B1A68154B9A420CBF13210021EFF33A
:104660000580134B1A68024306D0EFF305821B68DE
:104670001343B3F1F03F0ED369B933462A4641469E
:104680002046BDE8F041FEF785BDFF6ACDE7032077
:10469000B9E70520B7E71320B5E700BF1C4C143479
:1046A000E84B1434E44B1434B44C1434CC5014346C
:1046B000D00000342DE9F04F85B00293129B1746CD
:1046C000DDE90E48DDE9109A03930646DDE913B3F0
:1046D000019118B90E2005B0BDE8F08FB02BF9D1CB
:1046E000EFF3108172B63B4A13680133136081F314
:1046F00010880020384B08F1FF3C1D68374BA4445C
:104700001B6803F1010EBEF1010E01D0B54240D18C
:10471000EFF3108172B61368013B136081F31088C8
:10472000FFF758FCB542D5D0002C46D0002F44D01E
:10473000B8F1C70F43D9B9F11F0F42D8D14542D3C1
:10474000BBF1010F41D8264B1A68264B9A420CBF89
:1047500013220022EFF30580234B1968014306D092
:10476000EFF305811B680B43B3F1F03F2FD372BB0E
:104770003A463046039B0199CDE911A3029BCDE94E
:104780000F89CDF84CB00E9405B0BDE8F04FFFF79F
:104790004DBA0128BCD0E968A14204D82B69A342D4
:1047A00084BF01200024614504D82969614584BF84
:1047B00001200024D5F88850A5E703208BE70520C9
:1047C00089E70F2087E7182085E7102083E713206B
:1047D00081E700BF1C4C1434AC4C1434A84C143486
:1047E000B44C1434CC501434D0000034054B1B6846
:1047F0003BB1EFF30582044B1B68134301D1FFF774
:104800001BBB7047B44C1434D000003428B102688C
:10481000034B9A4201D1FFF747BB0E20704700BF00
:1048200044524854164B10B51C68236BB3B918207A
:1048300000F05AFC0246206320B9124B5221124864
:1048400000F0EAFB1149124BC0E90013114B0021A3
:1048500083600B2383810120C2E90401216B0E4890
:104860000B694C690D4A584302FB0400A3FB02325A
:10487000013340EB0200C1E9043020F0004010BDDC
:10488000E000003447AF11705EAF11700E33CDAB56
:1048900034126DE6ECDE05002DF451582D7F954C59
:1048A000002310B504468360818119464366C281A6
:1048B00008228361C0E90033C0E904335C3000F0B2
:1048C00023FB0D4B246263620C4BA3620C4BE3622F
:1048D0000C4B23630C4B9C4206D003F168029442BC
:1048E00002D0D0339C4205D104F15800BDE81040FD
:1048F00000F082BB10BD00BF254D1170474D1170F7
:104900007F4D1170A34D117020521434024A034997
:10491000034800F069B800BFD4000034B55B1170E3
:10492000E400003441680C4B994210B5044601D0B4
:1049300001F040F9A168094B994202D0204601F0EC
:1049400039F9E168064B994204D02046BDE8104091
:1049500001F030B910BD00BF205214348852143415
:10496000F052143410B50B4B04210B4C0B4A20466B
:104970001A600022FFF794FF04F168000122092168
:10498000FFF78EFF04F1D00002221221BDE8104093
:10499000FFF786BF58531434205214340D49117058
:1049A000014800F02ABB00BF61531434014800F0F5
:1049B00025BB00BF6153143410B50446FFF7F0FF68
:1049C000236A1BB1BDE81040FFF7F0BF044B236220
:1049D000044B1B68002BF5D1FFF7C4FFF2E700BFC3
:1049E00025491170585314342DE9F8430746884679
:1049F00014460026D4E90195B9F1010905D52468CA
:104A0000002CF7D13046BDE8F883AB89012B07D9DC
:104A1000B5F90E30013303D029463846C047064366
:104A20006835E9E70FB407B5064904AB086853F8E1
:104A3000042B8168019300F08FFD03B05DF804EB57
:104A400004B07047E0000034024B014618688268E9
:104A500001F04BB9E0000034036A70B505460E461C
:104A600084680BB9FFF7A8FF636EDB0705D4A38941
:104A7000980502D4A06D00F0C0FAA389190702D5E9
:104A80002369002B35D12146284600F0CDF980B3AB
:104A90004FF0FF35636EDA0705D4A3899B0502D476
:104AA000A06D00F0ABFA284670BD002B04DAA269B5
:104AB0009A4217DC0A2915D023685A1C2260197003
:104AC000A36816F8011F013BA3600029EDD1002B5C
:104AD00011DA22460A21284600F067F90130D7D0C2
:104AE0000A25D7E72246284600F05FF90130E7D1D2
:104AF000CEE7013EE4E723685A1C22600A221A70BE
:104B0000EEE70000024B01461868FFF7A5BF00BFA3
:104B1000E00000342DE9F7431D46574B04460E468E
:104B20001F68904627B13B6A13B93846FFF744FF28
:104B3000B8F1020F06D0B8F1010F00F29980002DF4
:104B4000C0F29680636ED90705D4A3899A0502D472
:104B5000A06D00F052FA2146384601F02BF8616B47
:104B600041B104F14403994202D0384600F072FA90
:104B7000002363630023A3616360A3891B0603D53D
:104B80002169384600F066FAA389B8F1020F23F4D0
:104B90004A6323F00303A38160D001AB6A46214638
:104BA000384601F041F8A3891843A0812DBB009D30
:104BB000284600F099FA0646002851D1DDF8009009
:104BC000A9453FD14FF0FF35B4F90C3043F0020254
:104BD000A2810022A26004F1470222602261012228
:104BE0006261626ED60704D4980502D4A06D00F00D
:104BF00005FA284603B0BDE8F083002ED8D03B6A02
:104C000013B93846FFF7D8FEB8F1010F266002BF8E
:104C1000A38943F00103A381B4F90C3013F0080217
:104C2000C4E904651ED0D90745BF00226D42A560C6
:104C3000A26048BFA561626ED20701D49B0513D55F
:104C40000025D6E7484600F04FFA06460028B9D0BE
:104C5000A3894D4643F08003A381D0E70025B3E745
:104C6000A946F5E7A260E6E7A06D00F0C7F9E7E71F
:104C70004FF0FF35BDE700BFE00000340CB4184B27
:104C800030B50C1E9DB01D6808DA8B234FF0FF3045
:104C90002B601DB0BDE8304002B070474FF4027386
:104CA0000290069002A9ADF8143014BF04F1FF334E
:104CB0002346209A2846049307934FF6FF73ADF8D6
:104CC000163021AB019300F021FB431CBCBF8B23AA
:104CD0002B60002CDDD0029B00221A70D9E700BFA8
:104CE000E00000340EB400B59CB06FF000411DAB85
:104CF00002900690079104910848094953F8042B43
:104D0000059102A90068019300F000FB029B0022BC
:104D10001A701CB05DF804EB03B07047E00000347B
:104D20000802FFFF10B50C46B1F90E1000F016F99D
:104D30000028ABBF636DA3891B1823F48053ACBF5D
:104D40006365A38110BD2DE9F0411F468B8905469F
:104D50000C46DB05164605D502230022B1F90E10DC
:104D600000F0EAF8A3893246B4F90E10284623F47D
:104D70008053A3813B46BDE8F04100F001B910B576
:104D80000C46B1F90E1000F0D7F8431CA38915BFEB
:104D9000606523F4805343F48053A38118BFA3813B
:104DA00010BDB1F90E1000F0B7B8F8B50E461446B4
:104DB000054618B1036A0BB9FFF7FEFDA369A360AE
:104DC000A3891A0701D5236943B92146284600F073
:104DD0002BF818B14FF0FF373846F8BD2368F6B20C
:104DE00022693746981A6369834205DC21462846C2
:104DF00000F0E0FE0028EDD1A368013BA36023682A
:104E00005A1C22601E70431C62699A4204D0A38916
:104E1000DB07E1D50A2EDFD12146284600F0CAFE85
:104E20000028D9D0D6E7000038B5294B05460C46F6
:104E3000186818B1036A0BB9FFF7BEFDB4F90C305E
:104E4000190722D4DA0607D409222A6043F0400366
:104E50004FF0FF30A38133E0580712D5616B41B1A9
:104E600004F14403994202D0284600F0F3F80023ED
:104E70006363A38923F02403A38100236360236970
:104E80002360A38943F00803A38123694BB9A38955
:104E900003F42073B3F5007F03D02146284600F0C9
:104EA000E8FEB4F90C3013F001020AD00022A2602F
:104EB00062695242A261226942B913F08000C5D1F1
:104EC00038BD990758BF6269A260F4E70020F7E790
:104ED000E0000034884210B501EB020402D984429C
:104EE000234607D8431EA14208D011F8012B03F82E
:104EF000012FF8E7024401468A4200D110BD13F8A1
:104F0000014D02F8014DF7E702440346934200D1F8
:104F1000704703F8011BF9E738B50023054D044637
:104F200008462B60EFF7F2FC431C02D12B6803B15B
:104F3000236038BD5C53143438B50446064D08462A
:104F4000114600222A601A46EFF7EAFC431C02D100
:104F50002B6803B1236038BD5C53143438B5044664
:104F6000064D0846114600222A601A46EFF7B2FCA9
:104F7000431C02D12B6803B1236038BD5C53143449
:104F800038B50446064D0846114600222A601A46E6
:104F9000EFF7AEFC431C02D12B6803B1236038BD90
:104FA0005C531434014B1868704700BFE0000034B4
:104FB00070B50D4D00260D4C641BA410A64209D1FE
:104FC0000B4D00260B4C00F087FF641BA410A6427B
:104FD00005D170BD55F8043B01369847EEE755F80A
:104FE000043B01369847F2E730B0117030B01170D1
:104FF00030B0117034B011707047704770470A4478
:10500000431E914200D1704710B511F8014B9142F7
:1050100003F8014FF9D110BD1FB514461A46094BCC
:1050200005461B68D86854B9074B1C4600910749D0
:10503000CDE901342B4600F0E5FD00F0CBFE044B3A
:10504000F4E700BFE000003413611170C3AF1170CA
:10505000B6AF117038B50546002941D051F8043C6F
:105060000C1F002BB8BFE41800F0E8F81D4A1368C5
:1050700033B9636014602846BDE8384000F0E4B8F6
:10508000A34208D9206821188B4201BF19685B68C8
:1050900009182160EDE71A465B680BB1A342FAD903
:1050A00011685018A0420BD12068014450181160BB
:1050B0008342E0D118685B68084453601060DAE707
:1050C00002D90C232B60D6E7206821188B4202BF3F
:1050D00019685B680918636008BF21605460CAE7FB
:1050E00038BD00BF68531434024B0146186800F005
:1050F00025B800BFE000003470B50F4E0C460546E1
:10510000316811B900F048FE30602146284600F0B1
:1051100043FE431C03D14FF0FF34204670BDC41C36
:1051200024F00304A042F8D0211A284600F034FEEF
:105130000130F2D1EFE700BF645314342DE9F84396
:10514000CD1C064625F0030508350C2D38BF0C256F
:10515000002D01DBA94204D90C2333600020BDE8F7
:10516000F883DFF8D48000F069F8D8F800301C46E6
:1051700044BB29463046FFF7BFFF431C044658D1C5
:10518000D8F800402746002F43D1002C4BD023688D
:105190003946304604EB030900F0FEFD814542D15B
:1051A000216830466D1A2946FFF7A6FF01303AD034
:1051B00023682B442360D8F800305A6862BBC8F8D3
:1051C00000700FE02268521B20D40B2A17D96119F6
:1051D000A342256018BF5960636808BFC8F8001073
:1051E00062514B60304600F02FF804F10B00231D94
:1051F00020F00700C21A1CBF1B1AA350AFE7626859
:10520000A3420CBFC8F800205A60EBE7234664684D
:10521000AEE73C467F68B6E71A465B68A342FBD11F
:1052200000235360DEE70C233046336000F00CF8B7
:1052300094E70560D6E700BF685314340148FFF7D0
:10524000DCBE00BF605314340148FFF7D7BE00BF77
:10525000605314342DE9F0471F468E6882460C4691
:10526000BE4290460B682DD8B1F90C2012F4906F15
:1052700026D06569096905EB4505A3EB01097B1C8F
:1052800005EBD5754B446D109D4238BF1D46530547
:1052900027D52946FFF752FF064660B34A462169E3
:1052A000FFF7ADFEA38923F4906343F08003A3814D
:1052B00026614E446561A5EB090526603E46A56062
:1052C000BE4200D93E46324641462068FFF702FE04
:1052D000A36800209B1BA360236833442360BDE8C0
:1052E000F0872A4600F07DFD06460028E0D12169BE
:1052F0005046FFF7AFFE0C234FF0FF30CAF80030E6
:10530000A38943F04003A381E9E700002DE9F04FB2
:1053100098468B899DB007461B060D46144610D54E
:105320000B6973B94021FFF709FF2860286130B984
:105330000C233B604FF0FF301DB0BDE8F08F4023E1
:105340006B610023CDF80C804FF00109DFF8A081DC
:10535000099320238DF8293030238DF82A302346F5
:105360009A4613F8012B0AB1252AF9D1BAEB040B9E
:105370000BD05B46224629463846FFF76BFF0130CB
:1053800000F0A780099A5A4409929AF80030002B3D
:1053900000F09F8000234FF0FF320AF1010A0493CE
:1053A00007938DF853301A93CDE90523544605220F
:1053B0004F4814F8011B00F0FFFC049AD8B9D0063E
:1053C00044BF20238DF85330110744BF2B238DF8A1
:1053D00053309AF800302A2B15D0079A54460020F3
:1053E0004FF00A0C214611F8013B303B092B4BD9F9
:1053F000B0B1079214E0A0EB0803A24609FA03F348
:1054000013430493D2E7039B191D1B68002B0391E0
:10541000BBBF5B4242F0020207930793B8BF0492FE
:1054200023782E2B0AD163782A2B32D1039B0234A6
:105430001A1D1B6843EAE37303920593DFF8C0A0CB
:1054400003222178504600F0B7FC38B1A0EB0A00E7
:105450004022049B013482401343049314F8011B3F
:10546000062224488DF8281000F0A6FC002836D02B
:10547000214B1BBB039B073323F007030833039324
:10548000099B334409936AE70CFB02320C46012066
:10549000A8E7002301344FF00A0C19460593204673
:1054A00010F8012B303A092A03D9002BC6D00591F8
:1054B000C4E70CFB012104460123F0E703AB2A46B5
:1054C00004A9384600930D4BAFF30080421C0646FA
:1054D000D6D1AB895B063FF52DAF09982CE703AB1E
:1054E0002A4604A938460093044B00F0BFF9EDE7C3
:1054F000F2AF1170FCAF1170000000005552117036
:10550000F8AF11709368013B002B936010B408DA78
:105510009469A34201DB0A2903D15DF8044BFFF72C
:1055200044BC1368581C1060084619705DF8044BA1
:105530007047F8B506460F461446D518AC4201D15F
:10554000002007E03A4614F8011B3046FFF7DAFF67
:10555000431CF3D1F8BD00002DE9F04F0D469DB07E
:1055600014469846064618B1036A0BB9FFF724FAA9
:105570006B6ED90705D4AB899A0502D4A86DFFF7E5
:105580003CFDAB891B0701D52B699BB929463046E9
:10559000FFF74AFC70B16B6EDC0704D54FF0FF30AB
:1055A0001DB0BDE8F08FAB899805F7D4A86DFFF763
:1055B00025FDF3E70023CDF80C804FF00109DFF85B
:1055C000B481099320238DF8293030238DF82A30B7
:1055D00023469A4613F8012B0AB1252AF9D1BAEBD2
:1055E000040B0BD05B46224629463046FFF7A1FF4D
:1055F000013000F0A780099A5A4409929AF80030C5
:10560000002B00F09F8000234FF0FF320AF1010AC7
:10561000049307938DF853301A93CDE9052354462C
:105620000522544814F8011B00F0C6FB049AD8B9AF
:10563000D10644BF20238DF85330130744BF2B23DA
:105640008DF853309AF800302A2B15D0079A54461B
:1056500000204FF00A0C214611F8013B303B092B8A
:105660004BD9B0B1079214E0A0EB0803A24609FAA7
:1056700003F313430493D2E7039B191D1B68002B0C
:105680000391BBBF5B4242F0020207930793B8BF8E
:10569000049223782E2B0AD163782A2B32D1039BD4
:1056A00002341A1D1B6843EAE37303920593DFF883
:1056B000D4A003222178504600F07EFB38B1A0EB45
:1056C0000A004022049B013482401343049314F8DF
:1056D000011B062228488DF8281000F06DFB0028D9
:1056E0003FD0264B1BBB039B073323F00703083334
:1056F0000393099B3B4409936AE70CFB02320C4677
:105700000120A8E7002301344FF00A0C1946059345
:10571000204610F8012B303A092A03D9002BC6D0B5
:105720000591C4E70CFB012104460123F0E703AB1C
:105730002A4604A930460093114BAFF30080074678
:10574000781CD6D16B6ED90705D4AB899A0502D4E3
:10575000A86DFFF753FCAB895B063FF51FAF0998B7
:105760001EE703AB2A4604A930460093044B00F021
:105770007DF8E4E7F2AF1170FCAF1170000000009B
:1057800033551170F8AF11702DE9F0471646984661
:105790008A6807460B690C46DDF820909342B8BF33
:1057A0001346336091F843200AB101333360236814
:1057B000990642BF336802333360256815F0060549
:1057C00006D104F1190AE36832689B1AAB422BDC5C
:1057D00094F843302268003B18BF0123920630D46E
:1057E00004F1430241463846C847013023D02368BC
:1057F0001A3454F80A2C03F00603042B0ABF54F899
:105800000E5C002533684FF0000608BFED1A54F80F
:10581000123C08BF25EAE5759342C4BF9B1AED18F8
:10582000B5421AD1002008E00123524641463846CD
:10583000C847013003D14FF0FF30BDE8F087013594
:10584000C1E7E1185A1C30200233224481F843009A
:1058500094F8451082F84310C2E7012322464146DE
:105860003846C8470130E6D00136D9E72DE9FF4771
:105870000F7E914680460C46782F9A460C9E01F189
:10588000430207D8622F0AD8002F00F0D280582F89
:1058900000F0B98004F1420684F842703AE0A7F1C2
:1058A0006303152BF6D801A151F823F005591170A7
:1058B00019591170955811709558117095581170AB
:1058C000955811701959117095581170955811709B
:1058D0009558117095581170195A117043591170DB
:1058E000D359117095581170955811703B5A117019
:1058F0009558117043591170955811709558117041
:10590000DB59117033681A1D1B68326004F14206BE
:1059100084F8423001239DE033682068191D31600E
:10592000060601D51D6803E04506FBD5B3F9005016
:10593000002D03DA2D236D4284F8433059480A23A1
:1059400011E021683368080653F8045B02D4490665
:1059500048BFADB26F2F3360524814BF0A230823EB
:10596000002184F843106668002EA660A2BF21685B
:1059700021F0040121600DB9002E4BD01646B5FB75
:10598000F3F103FB1157C75D06F8017D2F460D4665
:10599000BB42F4D9082B0BD12368DF0708D5236954
:1059A00061689942DEBF302306F8013C06F1FF36FC
:1059B000921B22614B4603AA21464046CDF800A027
:1059C000FFF7E2FE01304AD14FF0FF3004B0BDE8EE
:1059D000F087236843F02003236078273248236848
:1059E00084F845701F06316851F8045B02D45F06E5
:1059F00048BFADB23160D90744BF43F020032360F4
:105A00001DB11023ACE72748E9E7236823F0200302
:105A10002360F6E71646BDE733682568181D6169FF
:105A200030602E061B6801D5196002E06806FBD5C0
:105A30001980002316462361BCE7336800211A1D34
:105A400032601E686268304600F0B6F908B1801B0B
:105A5000606063682361002384F84330AAE7236908
:105A6000324649464046D0470130ADD023689B07B7
:105A700013D4E068039B9842B8BF1846A6E70123F9
:105A8000324649464046D04701309DD00135E36853
:105A900003995B1AAB42F2DCEBE7002504F119062F
:105AA000F5E700BF03B0117014B01170B1F90C200C
:105AB0002DE9F041160705460C4654D44B68002BDF
:105AC00002DC0B6C002B48DDE66A002E45D000237B
:105AD00012F480522F68216A2B6030D0626DA38946
:105AE000590705D56368D21A636B0BB1236CD21AC0
:105AF0000023E66A216A2846B047431CA38906D1E1
:105B000029681D292BD82A4A0A41D60727D4002202
:105B1000D90462602269226004D5421C01D12B683D
:105B200003B96065616B2F60B9B104F14403994218
:105B300002D02846FFF78EFA002363630DE00123AD
:105B40002846B0470246501CC9D12B68002BC6D04E
:105B50001D2B01D0162B1DD12F60002021E043F01A
:105B600040031BB21AE00F69002FF6D093070E68AE
:105B70000F600CBF4B690023A6EB07088B60B8F1E0
:105B8000000FEADD43463A46216A2846A66AB04736
:105B9000002808DCB4F90C3043F040034FF0FF302C
:105BA000A381BDE8F0810744A8EB0008E7E700BF48
:105BB000FEFFBFDF38B50B6905460C4613B900255B
:105BC000284638BD18B1036A0BB9FEF7F5FEB4F9E3
:105BD0000C30002BF3D0626ED00704D4990502D4A8
:105BE000A06DFFF70AFA28462146FFF75FFF636EB4
:105BF0000546DA07E4D4A3899B05E1D4A06DFFF73D
:105C0000FDF9DDE70EB403B503AB0146054853F8D3
:105C1000042B00680193FFF79FFC02B05DF804EBD2
:105C200003B07047E000003470B50C46B1F90E10B7
:105C300096B0154600291E460CDAA389002113F000
:105C4000800F14BF40234FF48063002031602B602D
:105C500016B070BD6A4600F07DF80028EDDB0199B2
:105C600001F47041A1F50053594259414FF480634A
:105C7000EBE78B89F7B59D0706460C4607D504F17F
:105C80004703236023610123636103B0F0BD01ABCF
:105C90006A46FFF7C9FF009F054630463946FFF7C1
:105CA0004DFA48B9B4F90C309A05EED423F0030349
:105CB00043F00203A381E2E7A389206043F080035D
:105CC000A381019BC4E904075BB1B4F90E1030460F
:105CD00000F052F828B1A38923F0030343F0010335
:105CE000A381A3891D43A581CFE770B50D46144656
:105CF000064618B1036A0BB9FEF75EFE636ED8075D
:105D000005D4A389990502D4A06DFFF776F9A3689D
:105D1000013B002BA36005DAA269934212DBEBB2D0
:105D20000A2B0FD023685A1C22601D70EDB2636EDF
:105D3000DA0705D4A3899B0502D4A06DFFF75EF9AD
:105D4000284670BD294622463046FFF72EF8054604
:105D5000EDE7000038B50023064D0446084611461D
:105D60002B60EEF7D6FD431C02D12B6803B12360F4
:105D700038BD00BF5C53143438B50023054D0446CC
:105D800008462B60EEF7CAFD431C02D12B6803B115
:105D9000236038BD5C53143438B50023054D0446E8
:105DA00008462B60EEF7BEFD431C02D12B6803B101
:105DB000236038BD5C531434C9B20346024410B5A5
:105DC0009342184601D1002003E0047801338C424D
:105DD000F6D110BD062008B500F05AF80120EEF704
:105DE00073FD2DE9F041804615460C4621B9114658
:105DF000BDE8F041FFF7A2B92AB9FFF72BF900245B
:105E00002046BDE8F08100F05FF88542064602D8E2
:105E1000B5EB500FF4D829464046FFF78FF90746F7
:105E20000028ECD0B5422A46214628BF3246FFF76B
:105E3000E6F8214640463C46FFF70CF9E0E71F290B
:105E400038B505460C4604D9162303604FF0FF30E1
:105E500038BDC26B12B152F821304BB9284600F060
:105E600031F8224601462846BDE8384000F018B80F
:105E7000012B0AD0591C03D1162303600120E7E748
:105E80000021204642F8241098470020E0E7000057
:105E9000024B01461868FFF7D2BF00BFE000003494
:105EA00038B50023064D0446084611462B60EEF730
:105EB00003FD431C02D12B6803B1236038BD00BF32
:105EC0005C531434EEF7F6BC51F8043C181F002B59
:105ED000BCBF0B58C0187047F8B500BFF8BC08BC71
:105EE0009E467047F8B500BFF8BC08BC9E46704798
:105EF000424384701670187084431810FFFF546872
:105F0000726561645820417070204D656D6F7279C3
:105F100020506F6F6C004E65745844756F2041704F
:105F200070204D656D6F727920506F6F6C004E65FB
:105F300074776F726B206361626C6520636F6E6E45
:105F400065637465642E0D003130304D62707320CE
:105F500066756C6C2D6475706C65782E0D00313033
:105F6000304D6270732068616C662D6475706C656D
:105F7000782E0D0031304D6270732066756C6C2D7B
:105F80006475706C65782E0D0031304D6270732031
:105F900068616C662D6475706C65782E0D004E65B9
:105FA00074776F726B206361626C65206E6F742012
:105FB000636F6E6E65637465642E0D004F54413AD5
:105FC00020616C6C20736C6F74732066756C6C2C24
:105FD000206F766572777269746520536C6F742DCB
:105FE000256C750D0A005374617469632049503A39
:105FF00020256C752E256C752E256C752E256C75DF
:106000000D0A00436F6E6E656374696E6720746F6E
:1060100020504320256C752E256C752E256C752E11
:10602000256C753A2575202E2E2E0D0A004F5441F1
:1060300020536F636B6574000D0A4F54413A20631F
:106040006F6E6E65637465642C2077616974696E28
:106050006720666F72206669726D776172652028AD
:1060600050432073656E6473207468656E20636CA2
:106070006F736573292E2E2E0D004F54413A202543
:106080006C75204B422F256C75204B420D0A004F3A
:1060900054413A20256C75204B420D0A004F544163
:1060A0003A2073657373696F6E20656E642C20727D
:1060B0006563656976656420256C75206279746511
:1060C000732E0D0A004F54413A20636F6E7461695C
:1060D0006E6572207665723D256C7520646573630C
:1060E0005F6C656E3D256C7520696D675F6C656ED4
:1060F0003D256C750D0A004F54413A2073746F7240
:10610000656420536C6F742D25642022252E2A731C
:10611000220D0A004F54413A2073746F7265207348
:106120006C6F74204641494C2072633D25640D0A12
:10613000004F54413A2062616420636F6E7461695C
:106140006E657220287665723D256C7520646C3D05
:10615000256C7520696C3D256C752072783D256C29
:1061600075290D0A004F54413A20466C617368202E
:1061700070726F6772616D6D696E672E2E2E0D00E5
:106180004F54413A20696D6167652073616E69748F
:106190007920636865636B204641494C4544202D56
:1061A0002061626F72742C206B6565702072756E51
:1061B0006E696E67206F6C64206170700D004F54C3
:1061C000413A20464C415348204641494C20726395
:1061D0003D25640D0A007377697463683A2061672E
:1061E000656E74206E6F772077726974696E6720B0
:1061F000626F6F742061726561202B207265736518
:10620000740D004F4B004641494C000D0A3D3D3D89
:10621000204F5441206C61646465722028585350AB
:106220004932204F50492D445452206167656E74A5
:1062300020696E205352414D29203D3D3D0D0020E7
:10624000707265762D72756E3A20666C6167733D6B
:1062500030782530386C582072633D256C6420738B
:1062600074617475733D30782530326C5820202568
:10627000730D0A004C3120726567733A2020585321
:106280005049323D30782530386C582043523D30EB
:10629000782530386C582053523D30782530386C92
:1062A000580D0A2020202020202020202044435266
:1062B000313D30782530386C5820444352323D30DF
:1062C000782530386C58204343523D30782530389B
:1062D0006C58205443523D30782530386C580D0AA4
:1062E000004C32207374617475732D726561643A69
:1062F0002072633D2564207374617475733D30783A
:106300002530326C5820285749503D256C75205750
:10631000454C3D256C75290D0A003D3D3D206C61C5
:106320006464657220656E64203D3D3D0D004E65E0
:10633000745844756F204F544120636C69656E74C6
:1063400020636F6E6669670D005043207365727637
:10635000657220256C752E256C752E256C752E2585
:106360006C753A25750D0A005061636B6574205099
:106370006F6F6C00495020496E7374616E636500E5
:106380004C696E6B20546872656164004F54412003
:1063900054687265616400546872656164583A209B
:1063A0005549207468726561642073746172746504
:1063B000640D005549205468726561640053544D62
:1063C00033324E363437204C45445F32202D204F37
:1063D00054412052544F5320626F6F7420205B460B
:1063E000572D5441524745542076335D0D004F548C
:1063F000412070726F62653A20307825303858201D
:10640000284558504543542030783331344635348C
:106410003431203D202E6F74615F72616D205352C4
:10642000414D206167656E74204F4B290D0A004570
:106430005448204D414320696E69742E2E2E0D0064
:1064400045746865726E65742050485920696E699C
:10645000742E2E2E0D0045544831207265616479EA
:1064600020284857290D00546872656164582062DD
:106470006F6F74696E672E2E2E0D00536C6F742D26
:1064800025752020257300536C6F742D25752020F1
:1064900028E697A0E68F8FE8BFB02900536C6F7491
:1064A0002D2575202028E7A9BA29005965730074A5
:1064B000617020746F2073776974636800656D7014
:1064C000747900526563656976696E672046697202
:1064D0006D7761726500526563656976696E6720E4
:1064E000256C7525250073746F72696E6720696E5F
:1064F000746F20656D70747920736C6F742C206BD1
:1065000065657020706F7765726564004669726DAD
:106510007761726520537769746368202D20536515
:106520006C6563740073656C65637420736C6F7461
:106530002C207468656E2059657320746F20737702
:10654000697463683A00436F6E6669726D205377B1
:106550006974636800466C61736820626F6F7420B1
:10656000617265612026207265626F6F7420746F9E
:106570002074686973206669726D776172652E0098
:106580004261636B00537769746368696E672E2E8E
:106590002E00535749544348204641494C207263CA
:1065A0003D25640D0A000D0A203E3E3E205B25730A
:1065B0005D0D0A202052303D2530386C5820205285
:1065C000313D2530386C58202052323D2530386C12
:1065D00058202052333D2530386C580D0A20205267
:1065E00031323D2530386C58204C523D2530386CC6
:1065F000580D0A20203E3E3EE5B4A9E782B920505E
:10660000433D2530386C583C3C3C202028307833C2
:10661000342D2D2D2D2D2D3D5352414D20E4BBA366
:10662000E79086E586853B20307837302D2D2D2D5F
:106630002D2D3D4E4F522058495020E681A2E5A411
:106640008DE5A4B1E8B4A5290D0A20207850535255
:106650003D2530386C5820204246415248494E541E
:106660003D785053525B33313A31365D0D0A004864
:106670006172644661756C74004D656D4D616E614B
:106680006765004275734661756C74005573616788
:10669000654661756C740053656375726546617516
:1066A0006C7400000000000000000000000000000A
:1066B00000000000000000000000000000000000DA
:1066C00000000000000000000000000000000000CA
:1066D00000000000000000000000000000000000BA
:1066E00000000000000000000000000000000000AA
:1066F000000000000000000000000000000000009A
:106700000000000000000000000000000000000089
:106710000000000000000000000000000000000079
:106720000000000000000000000000000000000069
:10673000000000000000000000000007F000C0079B
:10674000FFE1E007F001E0000000C00000000000F1
:106750000000000000000000000000000000000039
:106760000000000000000000000000000000000029
:106770000000000000000000000000000000000019
:106780000000000000000000000000000000000009
:1067900000000000000000000000000000000000F9
:1067A00000000000000000000000000020000001C8
:1067B000C00000078000001F0000001E0000001C39
:1067C00020000001C00000078000001F0000001E24
:1067D0000000001C0000000000000000000000009D
:1067E00000000000000000000000000000000000A9
:1067F0000000000000000000000000000000000099
:106800000000000000000000000000000000000088
:106810000000000000000000000000000000000078
:106820000000000000000000180C0000180C000020
:10683000180FE0001FFC0003F80C0000180C00000B
:10684000180C0000180C0000180C0000180FE000D5
:106850001FFC0003F80C0000180C0000180C0000CE
:106860000000000000000000000000000000000028
:106870000000000000000000000000000000000018
:106880000000000000000000000000000000000008
:1068900000000000000000000000000000000000F8
:1068A0000000000000000000000000000007800061
:1068B0007807C000FC0640010E00200307002002FC
:1068C0000380200FFFFFFC0201C0200200E06001F6
:1068D00030704001F03F8000F01F00000000000019
:1068E00000000000000000000000000000000000A8
:1068F0000000000000000000000000000000000098
:106900000000000000000000000000000000000087
:106910000000000000000000000000000000000077
:1069200000000000FE000001FF00000301800002E3
:10693000008060030181C001FF070000FE18000015
:1069400000E0000003BF00000CFFC0007180600188
:10695000C10020030180600000FFC000003F000074
:106960000000000000000000000000000000000027
:106970000000000000000000000000000000000017
:106980000000000000000000000000000000000007
:1069900000000000000000000000000000000000F7
:1069A00000000000001F0000007FC000FCC0C0010C
:1069B000FF80600303E0200202782002061E20030D
:1069C000FC074001F00380000103C000011C6000CF
:1069D00001E02000010020000100400000018000D3
:1069E00000000000000000000000000000000000A7
:1069F0000000000000000000000000000000000097
:106A00000000000000000000000000000000000086
:106A10000000000000000000000000000000000076
:106A200000000000000000002000001C6000001CAE
:106A30004000001F8000000F000000000000000068
:106A40000000000000000000000000000000000046
:106A50000000000000000000000000000000000036
:106A60000000000000000000000000000000000026
:106A70000000000000000000000000000000000016
:106A80000000000000000000000000000000000006
:106A900000000000000000000000000000000000F6
:106AA00000000000000000000000000000000000E6
:106AB00000000000000000000000000000000000D6
:106AC00007F800003FFF00007807C001C000E003A6
:106AD000000030040000080800000410000002005C
:106AE00000000000000000000000000000000000A6
:106AF0000000000000000000000000000000000096
:106B00000000000000000000000000000000000085
:106B10000000000000000000000000000000000075
:106B20000000000000000010000002080000040443
:106B30000000080300003001C000E0007807C0003A
:106B40003FFF000007F80000000000000000000008
:106B50000000000000000000000000000000000035
:106B60000000000000000000000000000000000025
:106B70000000000000000000000000000000000015
:106B80000000000000000000000000000000000005
:106B900000000000000000000000000000000000F5
:106BA0000000000000000000000000000C180000C1
:106BB0000E3800000E3800000630000003600000B0
:106BC00061438000FFFF800061430000036000001C
:106BD000063000000E3800000E3800000C180000CF
:106BE00000000000000000000000000000000000A5
:106BF0000000000000000000000000000000000095
:106C00000000000000000000000000000000000084
:106C10000000000000000000000000000000000074
:106C200000000000000000000000000000800000E4
:106C30000080000000800000008000000080000054
:106C4000008000007FFF0000008000000080000046
:106C50000080000000800000008000000080000034
:106C60000000000000000000000000000000000024
:106C70000000000000000000000000000000000014
:106C80000000000000000000000000000000000004
:106C900000000000000000000000000000000000F4
:106CA0000000000000000000000001000000E30000
:106CB0000000E2000000FC0000007800000000007E
:106CC00000000000000000000000000000000000C4
:106CD00000000000000000000000000000000000B4
:106CE00000000000000000000000000000000000A4
:106CF0000000000000000000000000000000000094
:106D00000000000000000000000000000000000083
:106D10000000000000000000000000000000000073
:106D20000000000000000000008000000080000063
:106D30000080000000800000008000000080000053
:106D40000080000000800000008000000080000043
:106D50000080000000800000008000000080000033
:106D60000000000000000000000000000000000023
:106D70000000000000000000000000000000000013
:106D80000000000000000000000000000000000003
:106D900000000000000000000000000000000000F3
:106DA0000000000000000000000000000000C00023
:106DB0000001E0000001E0000000C0000000000051
:106DC00000000000000000000000000000000000C3
:106DD00000000000000000000000000000000000B3
:106DE00000000000000000000000000000000000A3
:106DF0000000000000000000000000000000000093
:106E00000000000000000000000000000000000082
:106E10000000000000000000000000000000000072
:106E2000000000000000000000000C00000038001E
:106E30000000E00000038000000E000000380000A9
:106E400000E00000038000000E0000003800000099
:106E5000E00000038000000E0000001800000000A9
:106E60000000000000000000000000000000000022
:106E70000000000000000000000000000000000012
:106E80000000000000000000000000000000000002
:106E900000000000000000000000000000000000F2
:106EA0000000000000000000000000000FF80000DB
:106EB0007FFF0000F00780018000C0030000600237
:106EC00000002002000020020000200300006001FA
:106ED0008000C000E00380007FFF00000FF800008A
:106EE00000000000000000000000000000000000A2
:106EF0000000000000000000000000000000000092
:106F00000000000000000000000000000000000081
:106F10000000000000000000000000000000000071
:106F20000000000000000000000000000000000061
:106F30008000200080002000800020008000600190
:106F4000FFFFE003FFFFE000000060000000200002
:106F500000002000000020000000000000000000F1
:106F60000000000000000000000000000000000021
:106F70000000000000000000000000000000000011
:106F80000000000000000000000000000000000001
:106F900000000000000000000000000000000000F1
:106FA0000000000000000000000000007800E00089
:106FB00098016001000260020004600200086002A3
:106FC0000010600200206002004060030080600149
:106FD00083006001FE00E0007C07800000000000EC
:106FE00000000000000000000000000000000000A1
:106FF0000000000000000000000000000000000091
:107000000000000000000000000000000000000080
:107010000000000000000000000000000000000070
:10702000000000000000000000000000F0078001E8
:10703000F007C00100004002000020020100200211
:10704000010020020100200303802001868040010E
:10705000FCC0C000787F8000001E0000000000001F
:107060000000000000000000000000000000000020
:107070000000000000000000000000000000000010
:107080000000000000000000000000000000000000
:1070900000000000000000000000000000000000F0
:1070A00000000000000000000008000000380000A0
:1070B0000048000001880000060800000C081000CD
:1070C0003008100040081001FFFFF003FFFFF0033D
:1070D000FFFFF0000008100000081000000810007A
:1070E00000000000000000000000000000000000A0
:1070F0000000000000000000000000000000000090
:10710000000000000000000000000000000000007F
:10711000000000000000000000000000000000006F
:1071200000000000000000000000000000078000D8
:107130001F864003E1002003020020030400200317
:107140000400200304002003040020030600400381
:107150000301C00301FF8003007E00000000000067
:10716000000000000000000000000000000000001F
:10717000000000000000000000000000000000000F
:1071800000000000000000000000000000000000FF
:1071900000000000000000000000000000000000EF
:1071A00000000000000000000000000007FC0000DC
:1071B0003FFF000070C380008180C00101006003B8
:1071C000020020020200200202002002020020022F
:1071D00003004001C180C000C0FF8000007E0000AD
:1071E000000000000000000000000000000000009F
:1071F000000000000000000000000000000000008F
:10720000000000000000000000000000000000007E
:10721000000000000000000000000000000000006E
:10722000000000000000000000000000F00000036B
:10723000C000000380000003000000030007E0031B
:10724000003FE00301C00003060000031800000334
:107250006000000380000003000000000000000048
:10726000000000000000000000000000000000001E
:10727000000000000000000000000000000000000E
:1072800000000000000000000000000000000000FE
:1072900000000000000000000000000000000000EE
:1072A0000000000000000000001F0000783F800088
:1072B000FC60C0018EC04003078020020300200252
:1072C000018020020180200201C0200301E0400172
:1072D0008670C000FC3F8000781F000000000000A6
:1072E000000000000000000000000000000000009E
:1072F000000000000000000000000000000000008E
:10730000000000000000000000000000000000007D
:10731000000000000000000000000000000000006D
:1073200000000000000000003F000000FF81C001DD
:10733000C0C1C00100602002002020020020200205
:1073400000202002002060020040C00100C1800037
:10735000C18F00007FFE00001FF000000000000051
:10736000000000000000000000000000000000001D
:10737000000000000000000000000000000000000D
:1073800000000000000000000000000000000000FD
:1073900000000000000000000000000000000000ED
:1073A00000000000000000000000000000000000DD
:1073B0000000000000000000000000000300C0000A
:1073C0000781E0000781E0000300C000000000002A
:1073D00000000000000000000000000000000000AD
:1073E000000000000000000000000000000000009D
:1073F000000000000000000000000000000000008D
:10740000000000000000000000000000000000007C
:10741000000000000000000000000000000000006C
:10742000000000000000000000000000000000005C
:1074300000000000000000000000000006006600E0
:1074400006007800000000000000000000000000BE
:10745000000000000000000000000000000000002C
:10746000000000000000000000000000000000001C
:10747000000000000000000000000000000000000C
:1074800000000000000000000000000000000000FC
:1074900000000000000000000000000000000000EC
:1074A000000000000000000000000000008000005C
:1074B00001C0000003600000063000000C1800004E
:1074C000180C00003006000060030000C0018001BD
:1074D0000000400200002004000010000000000036
:1074E000000000000000000000000000000000009C
:1074F000000000000000000000000000000000008C
:10750000000000000000000000000000000000007B
:10751000000000000000000000000000000000006B
:107520000000000000000000041000000410000033
:1075300004100000041000000410000004100000FB
:1075400004100000041000000410000004100000EB
:1075500004100000041000000410000004100000DB
:10756000000000000000000000000000000000001B
:10757000000000000000000000000000000000000B
:1075800000000000000000000000000000000000FB
:1075900000000000000000000000000000000000EB
:1075A00000000000000000000000000400001002C5
:1075B0000000200100004000C001800060030000C6
:1075C00030060000180C00000C1800000630000007
:1075D0000360000001C00000008000000000000007
:1075E000000000000000000000000000000000009B
:1075F000000000000000000000000000000000008B
:10760000000000000000000000000000000000007A
:10761000000000000000000000000000000000006A
:1076200000000000000000000000000078000001E1
:10763000F800000238000002000000040000C0044E
:107640000079E0040081E0040100C00403000002AE
:107650000200000306000001FC000000F80000002A
:10766000000000000000000000000000000000001A
:10767000000000000000000000000000000000000A
:1076800000000000000000000000000000000000FA
:1076900000000000000000000000000000000000EA
:1076A00000000000000000000FF800003FFE000096
:1076B00070078000C000C00101F8400307FC2002F1
:1076C0001E04200230082002203020023FFC20014E
:1076D0003F044001800CC000E03180001FC2000068
:1076E000000000000000000000000000000000009A
:1076F000000000000000000000000000000000008A
:107700000000000000000000000000000000000079
:107710000000000000000000000000000000000069
:107720000000000000002000000060000003E000F6
:10773000003E200003E020003E200003E020000384
:1077400080200007FC2000003FE0000003FE200036
:10775000003FE0000001E0000000200000002000E9
:107760000000000000000000000000000000000019
:107770000000000000000000000000000000000009
:1077800000000000000000000000000000000000F9
:1077900000000000000000000000000000000000E9
:1077A0000000000000000002000020020000200392
:1077B000FFFFE003FFFFE0020100200201002002C2
:1077C000010020020100200201002003030020012B
:1077D00086806001FCC0C000F87F8000001F0000B0
:1077E0000000000000000000000000000000000099
:1077F0000000000000000000000000000000000089
:107800000000000000000000000000000000000078
:107810000000000000000000000000000000000068
:10782000000000000000000007F800003FFF00001B
:1078300070078000C000C00100004003000020026B
:1078400000002002000020020000200200002001B1
:10785000000040018000C003C0018000300600002D
:107860000000000000000000000000000000000018
:107870000000000000000000000000000000000008
:1078800000000000000000000000000000000000F8
:1078900000000000000000000000000000000000E8
:1078A0000000000000000002000020020000200391
:1078B000FFFFE003FFFFE0020000200200002002C3
:1078C00000002002000020030000600100004001D1
:1078D0008000C000F00780007FFE00000FF800006D
:1078E0000000000000000000000000000000000098
:1078F0000000000000000000000000000000000088
:107900000000000000000000000000000000000077
:107910000000000000000000000000000000000067
:107920000000000000000002000020020000200310
:10793000FFFFE003FFFFE002010020020100200240
:107940000100200201002002010020020380200229
:107950000FE0200300006003C000E00060030000AF
:107960000000000000000000000000000000000017
:107970000000000000000000000000000000000007
:1079800000000000000000000000000000000000F7
:1079900000000000000000000000000000000000E7
:1079A0000000000000000002000020020000200390
:1079B000FFFFE003FFFFE0020100200201002002C0
:1079C00001000002010000020100000201000002AB
:1079D000038000030FE0000300000003C00000006C
:1079E0006000000000000000000000000000000037
:1079F0000000000000000000000000000000000087
:107A00000000000000000000000000000000000076
:107A10000000000000000000000000000000000066
:107A2000000000000000000007F800003FFE00001A
:107A300070078001C001C001000040030000200267
:107A40000000200200002002000020010020200190
:107A500000204003C03F8000303F80000020000035
:107A600000200000000000000000000000000000F6
:107A70000000000000000000000000000000000006
:107A800000000000000000000000000000000000F6
:107A900000000000000000000000000000000000E6
:107AA000000000020000200200002003FFFFE003AE
:107AB000FFFFE00200802002008020000080000024
:107AC000008000000080000200802002008020036F
:107AD000FFFFE003FFFFE0020000200200002000A3
:107AE0000000000000000000000000000000000096
:107AF0000000000000000000000000000000000086
:107B00000000000000000000000000000000000075
:107B10000000000000000000000000000000000065
:107B20000000000000000000000000000000000253
:107B300000002002000020020000200200002003BC
:107B4000FFFFE003FFFFE002000020020000200230
:107B500000002002000020000000000000000000E3
:107B60000000000000000000000000000000000015
:107B70000000000000000000000000000000000005
:107B800000000000000000000000000000000000F5
:107B900000000000000000000000000000000000E5
:107BA000000000000000000000000E0000000F00B8
:107BB00000000F00000001020000010200000102AD
:107BC0000000030200000603FFFFFC03FFFFF802B2
:107BD000000000020000000200000002000000009F
:107BE0000000000000000000000000000000000095
:107BF0000000000000000000000000000000000085
:107C00000000000000000000000000000000000074
:107C10000000000000000000000000000000000064
:107C2000000000000000000200002002000020030D
:107C3000FFFFE003FFFFE00200C020020100200080
:107C4000078000000FE0000030F80002603E2003D3
:107C5000800F20030003E0020000E002000020008B
:107C600000002000000000000000000000000000F4
:107C70000000000000000000000000000000000004
:107C800000000000000000000000000000000000F4
:107C900000000000000000000000000000000000E4
:107CA000000000000000000200002002000020038D
:107CB000FFFFE003FFFFE0020000200200002000C1
:107CC0000000200000002000000020000000200034
:107CD00000002000000060000000E0000003000041
:107CE0000000000000000000000000000000000094
:107CF0000000000000000000000000000000000084
:107D00000000000000000000000000000000000073
:107D10000000000000000000000000000000000063
:107D2000000000020000200200002003FFFFE0032B
:107D3000E0002003FF0020001FF0000001FF800092
:107D4000000FE000001E000003E000003E002003E2
:107D5000E0002003FFFFE003FFFFE002000020023D
:107D600000002000000000000000000000000000F3
:107D70000000000000000000000000000000000003
:107D800000000000000000000000000000000000F3
:107D900000000000000000000000000000000000E3
:107DA000000000020000200200002003FFFFE003AB
:107DB00080002003F0002000FC0000001F000000F5
:107DC00007C0000001F00000007C0002001F8002DC
:107DD0000007E003FFFFE0020000000200000000D7
:107DE0000000000000000000000000000000000093
:107DF0000000000000000000000000000000000083
:107E00000000000000000000000000000000000072
:107E10000000000000000000000000000000000062
:107E200000000000000000000FF800003FFE00000E
:107E3000F00780018000C001000040020000200225
:107E4000000020020000200200002001000040018C
:107E50008000C000F00380003FFE00000FF800002B
:107E60000000000000000000000000000000000012
:107E70000000000000000000000000000000000002
:107E800000000000000000000000000000000000F2
:107E900000000000000000000000000000000000E2
:107EA000000000000000000200002002000020038B
:107EB000FFFFE003FFFFE0020080200200802002BD
:107EC00000800002008000020080000200800003A9
:107ED0000180000183000000FE0000007C00000023
:107EE0000000000000000000000000000000000092
:107EF0000000000000000000000000000000000082
:107F00000000000000000000000000000000000071
:107F10000000000000000000000000000000000061
:107F200000000000000000000FF800007FFF0000CC
:107F3000F00380018001C00100064002000420021D
:107F400000042002000620020003E0010000F80106
:107F500080005C00E0038C003FFF0C000FFC180069
:107F60000000000000000000000000000000000011
:107F70000000000000000000000000000000000001
:107F800000000000000000000000000000000000F1
:107F900000000000000000000000000000000000E1
:107FA000000000000000000200002002000020038A
:107FB000FFFFE003FFFFE0020100200201002002BA
:107FC0000180000201E0000201FC0003033F800188
:107FD0008607E001FC00E000F8002000000020001F
:107FE0000000000000000000000000000000000091
:107FF0000000000000000000000000000000000081
:108000000000000000000000000000000000000070
:108010000000000000000000000000000000000060
:1080200000000000000000000000000078060000D2
:10803000FE01E0018600C0030300400203002002AD
:10804000018020020180200201C0200200C0200126
:1080500000E060018070C003E03F8000001F00006E
:108060000000000000000000000000000000000010
:108070000000000000000000000000000000000000
:1080800000000000000000000000000000000000F0
:1080900000000000000000000000000000000000E0
:1080A00000000000000000006000000380000003EA
:1080B0000000000200000002000020020000200377
:1080C000FFFFE003FFFFE0020000200200002002AB
:1080D000000000020000000380000000E00000003B
:1080E0000000000000000000000000000000000090
:1080F0000000000000000000000000000000000080
:10810000000000000000000000000000000000006F
:10811000000000000000000000000000000000005F
:10812000000000020000000200000003FFFF000347
:10813000FFFFC002000040020000600000002000BD
:10814000000020000000200000002002000040028B
:1081500000008003FFFF000200000002000000009A
:10816000000000000000000000000000000000000F
:1081700000000000000000000000000000000000FF
:1081800000000000000000000000000000000000EF
:1081900000000000000000000000000000000000DF
:1081A00000000000000000020000000200000003C8
:1081B000C0000003FC0000023FC0000003F8000004
:1081C000007F80000007E0000007800000780002C8
:1081D00003C000023C000003C000000200000002D7
:1081E000000000000000000000000000000000008F
:1081F000000000000000000000000000000000007F
:10820000000000000000000000000000000000006E
:10821000000000000000000000000000000000005E
:108220000000000200000003C0000003FF80000205
:108230003FFE0002007FE000000F000200F000039C
:10824000EF000003FF8000020FFE0000003FE0008F
:10825000001F000207E00003F80000030000000216
:10826000000000000000000000000000000000000E
:1082700000000000000000000000000000000000FE
:1082800000000000000000000000000000000000EE
:1082900000000000000000000000000000000000DE
:1082A0000000000000000002000020020000200387
:1082B0008000E003F0032002FC0C20021F300000CD
:1082C00007C0000007F00002187C0002601F2003B6
:1082D0008003E0020000E002000020000000200017
:1082E000000000000000000000000000000000008E
:1082F000000000000000000000000000000000007E
:10830000000000000000000000000000000000006D
:10831000000000000000000000000000000000005D
:108320000000000000000002000000030000000345
:10833000C0000003F80000023E0020020FC0200031
:1083400001FFE000007FE000038020021C0020020B
:108350007000000380000002000000020000000026
:10836000000000000000000000000000000000000D
:1083700000000000000000000000000000000000FD
:1083800000000000000000000000000000000000ED
:1083900000000000000000000000000000000000DD
:1083A0000000000000000000000020006000E0036A
:1083B0008003E003000FA002003E200200F820022C
:1083C00003E020020F8020023E00200278002003FC
:1083D000E00060038000E0020003000000000000F5
:1083E000000000000000000000000000000000008D
:1083F000000000000000000000000000000000007D
:10840000000000000000000000000000000000006C
:10841000000000000000000000000000000000005C
:10842000000000000000000000000000000000004C
:1084300000000000000000000000001FFFFFFC1013
:1084400000000410000004100000041000000410DC
:1084500000000410000004100000040000000000F0
:10846000000000000000000000000000000000000C
:1084700000000000000000000000000000000000FC
:1084800000000000000000000000000000000000EC
:1084900000000000000000000000000000000000DC
:1084A00000000000000000000000000000000007C5
:1084B00000000003C0000000780000001E00000063
:1084C00003C0000000F00000001E00000007800054
:1084D0000000F00000003C0000000600000000006A
:1084E000000000000000000000000000000000008C
:1084F000000000000000000000000000000000007C
:10850000000000000000000000000000000000006B
:10851000000000000000000000000000000000005B
:108520000000000000000000000000100000041027
:1085300000000410000004100000041000000410EB
:10854000000004100000041FFFFFFC0000000000FA
:10855000000000000000000000000000000000001B
:10856000000000000000000000000000000000000B
:1085700000000000000000000000000000000000FB
:1085800000000000000000000000000000000000EB
:1085900000000000000000000000000000000000DB
:1085A00000000000000000000000000000000000CB
:1085B0000000000200000004000000080000001895
:1085C0000000001000000018000000180000000467
:1085D0000000000200000000000000000000000099
:1085E000000000000000000000000000000000008B
:1085F000000000000000000000000000000000007B
:10860000000000000000000000000000000000006A
:10861000000000000000000000000000000000005A
:108620000000000000000100000001000000010047
:108630000000010000000100000001000000010036
:108640000000010000000100000001000000010026
:108650000000010000000100000001000000010016
:108660000000010000000000000000000000000009
:1086700000000000000000000000000000000000FA
:1086800000000000000000000000000000000000EA
:1086900000000000000000000000000000000000DA
:1086A00000000000000000000000000000000010BA
:1086B000000000100000001000000018000000087A
:1086C00000000004000000000000000000000000A6
:1086D000000000000000000000000000000000009A
:1086E000000000000000000000000000000000008A
:1086F000000000000000000000000000000000007A
:108700000000000000000000000000000000000069
:108710000000000000000000000000000000000059
:10872000000000000000000000038000018FC00076
:10873000038C6000061820000410200004102000A4
:1087400004202000042040000620400003FFC00059
:1087500001FFE00000002000000020000000C00039
:108760000000000000000000000000000000000009
:1087700000000000000000000000000000000000F9
:1087800000000000000000000000000000000000E9
:1087900000000000000000000000000000000000D9
:1087A00000000000000000020000000200000003C2
:1087B000FFFFE007FFFFC0000180C0000200600073
:1087C000020020000400200004002000040020001B
:1087D000060040000300C00001FF800000FE000012
:1087E0000000000000000000000000000000000089
:1087F0000000000000000000000000000000000079
:108800000000000000000000000000000000000068
:108810000000000000000000000000000000000058
:10882000000000000000000000000000007E0000CA
:1088300001FF80000381C00002004000060020000C
:108840000400200004002000040020000600200096
:1088500003C0400001C080000003000000000000D1
:108860000000000000000000000000000000000008
:1088700000000000000000000000000000000000F8
:1088800000000000000000000000000000000000E8
:1088900000000000000000000000000000000000D8
:1088A000000000000000000000000000007E00004A
:1088B00001FF80000380C00006006000040020006B
:1088C0000400200004002002040040020200800393
:1088D000FFFFE007FFFFC000000040000000400075
:1088E0000000000000000000000000000000000088
:1088F0000000000000000000000000000000000078
:108900000000000000000000000000000000000067
:108910000000000000000000000000000000000057
:10892000000000000000000000000000007E0000C9
:1089300001FF80000311C00002104000041060001D
:108940000410200004102000041020000610200055
:108950000310400001F0C0000071000000000000A2
:108960000000000000000000000000000000000007
:1089700000000000000000000000000000000000F7
:1089800000000000000000000000000000000000E7
:1089900000000000000000000000000000000000D7
:1089A00000000000000000000000000004000000C3
:1089B0000400200004002000040020007FFFE001EC
:1089C000FFFFE00104002003040020020400200255
:1089D000040020020400000200000001C0000001A9
:1089E000C0000000000000000000000000000000C7
:1089F0000000000000000000000000000000000077
:108A00000000000000000000000000000000000066
:108A10000000000000000000000000000000000056
:108A200000000000000000000000000000001C002A
:108A300000E33E0003FFC200020CC3000404C100B7
:108A40000404C1000404C1000404C100060CC100F8
:108A500003F8C30005F0620006007E0006003C003B
:108A60000000000000000000000000000000000006
:108A700000000000000000000000000000000000F6
:108A800000000000000000000000000000000000E6
:108A900000000000000000000000000000000000D6
:108AA000000000000000000200002002000020037F
:108AB000FFFFE007FFFFE0000100200002002000B0
:108AC0000600000004000000040000000400200074
:108AD0000600200003FFE00001FFE000000020008E
:108AE0000000200000000000000000000000000066
:108AF0000000000000000000000000000000000076
:108B00000000000000000000000000000000000065
:108B10000000000000000000000000000000000055
:108B20000000000000000000000000000000000045
:108B300004002000040020000400200004002003A2
:108B400087FFE0038FFFE00380002000000020008B
:108B500000002000000020000000000000000000D5
:108B60000000000000000000000000000000000005
:108B700000000000000000000000000000000000F5
:108B800000000000000000000000000000000000E5
:108B900000000000000000000000000000000000D5
:108BA00000000000000000000000000000000000C5
:108BB00000000600000007000000010000000100A6
:108BC0000400010004000100040003000400060387
:108BD00087FFFC038FFFF803800000000000000007
:108BE0000000000000000000000000000000000085
:108BF0000000000000000000000000000000000075
:108C00000000000000000000000000000000000064
:108C10000000000000000000000000000000000054
:108C200000000000000000020000200200002003FD
:108C3000FFFFE007FFFFE000000820000010200019
:108C40000030000000FC0000058E00000707A000B7
:108C50000601E0000400E000040020000000200005
:108C60000000000000000000000000000000000004
:108C700000000000000000000000000000000000F4
:108C800000000000000000000000000000000000E4
:108C900000000000000000000000000000000000D4
:108CA00000000000000000000000000000000002C2
:108CB000000020020000200200002002000020032B
:108CC000FFFFE007FFFFE0000000200000002000A1
:108CD0000000200000002000000000000000000054
:108CE0000000000000000000000000000000000084
:108CF0000000000000000000000000000000000074
:108D00000000000000000000000000000000000063
:108D10000000000000000000000000000000000053
:108D200000000000000000000400200007FFE00039
:108D30000FFFE000020020000400000004002000FB
:108D400007FFE00003FFE000020020000400000035
:108D50000400200007FFE00003FFE0000000200007
:108D60000000000000000000000000000000000003
:108D700000000000000000000000000000000000F3
:108D800000000000000000000000000000000000E3
:108D900000000000000000000000000000000000D3
:108DA000000000000000000004002000040020007B
:108DB00007FFE0000FFFE00001002000020020009C
:108DC0000200000004000000040000000400200075
:108DD0000600200003FFE00001FFE000000020008B
:108DE0000000200000000000000000000000000063
:108DF0000000000000000000000000000000000073
:108E00000000000000000000000000000000000062
:108E10000000000000000000000000000000000052
:108E2000000000000000000000000000007E0000C4
:108E300000FF80000381C000020040000600200007
:108E40000400200004002000040020000600200090
:108E5000020040000381C00001FF8000007E00008E
:108E60000000000000000000000000000000000002
:108E700000000000000000000000000000000000F2
:108E800000000000000000000000000000000000E2
:108E900000000000000000000000000000000000D2
:108EA00000000000000000000400010004000100B8
:108EB00007FFFF000FFFFF000100C100020041009B
:108EC0000400200004002000040020000400200012
:108ED000060040000301C00001FF8000007E00008A
:108EE0000000000000000000000000000000000082
:108EF0000000000000000000000000000000000072
:108F00000000000000000000000000000000000061
:108F10000000000000000000000000000000000051
:108F2000000000000000000000000000007E0000C3
:108F300001FF80000380C0000200600004002000E8
:108F40000400200004002000040020000200410072
:108F50000300C10003FFFF0007FFFF000000010046
:108F60000000010000000000000000000000000000
:108F700000000000000000000000000000000000F1
:108F800000000000000000000000000000000000E1
:108F900000000000000000000000000000000000D1
:108FA0000000000000000000040020000400200079
:108FB00004002000040020000FFFE0000FFFE0008D
:108FC00000C0200001002000020020000600200058
:108FD000040000000400000007000000030000007F
:108FE0000000000000000000000000000000000081
:108FF0000000000000000000000000000000000071
:109000000000000000000000000000000000000060
:109010000000000000000000000000000000000050
:109020000000000000000000000000000003E0005D
:1090300001C0E00003E040000630200004302000C2
:10904000041820000418200004182000040C20003C
:10905000020C60000307C0000783800000000000CE
:109060000000000000000000000000000000000000
:1090700000000000000000000000000000000000F0
:1090800000000000000000000000000000000000E0
:1090900000000000000000000000000000000000D0
:1090A00000000000000000000000000004000000BC
:1090B00004000000040000000C0000001FFF8000FE
:1090C000FFFFC00004006000040020000400200036
:1090D00004002000040040000001800000000000A7
:1090E0000000000000000000000000000000000080
:1090F0000000000000000000000000000000000070
:10910000000000000000000000000000000000005F
:10911000000000000000000000000000000000004F
:109120000000000000000000040000000400000037
:1091300007FF80000FFFC00000006000000020005B
:10914000000020000000200000002000040040007B
:109150000400800007FFE0000FFFC0000000400097
:1091600000004000000000000000000000000000BF
:1091700000000000000000000000000000000000EF
:1091800000000000000000000000000000000000DF
:1091900000000000000000000000000000000000CF
:1091A00000000000000000000400000004000000B7
:1091B0000780000007F0000004FE0000041FC0004C
:1091C0000003E00000038000001C000004600000B9
:1091D00007800000060000000400000000000000FE
:1091E000000000000000000000000000000000007F
:1091F000000000000000000000000000000000006F
:10920000000000000000000000000000000000005E
:10921000000000000000000000000000000000004E
:1092200000000000040000000600000007C000006D
:1092300007FC0000043F80000003E000040F8000F2
:1092400006F0000007F0000007FF8000040FE000B8
:1092500000038000043C000007C00000060000007E
:1092600004000000000000000000000000000000FA
:1092700000000000000000000000000000000000EE
:1092800000000000000000000000000000000000DE
:1092900000000000000000000000000000000000CE
:1092A000000000000000000000002000040020007A
:1092B000040060000700E0000783200007E60000CC
:1092C00004F80000003C0000045E20000587A000B8
:1092D0000601E000040060000400200000002000FF
:1092E000000000000000000000000000000000007E
:1092F000000000000000000000000000000000006E
:10930000000000000000000000000000000000005D
:10931000000000000000000000000000000000004D
:109320000000000000000000040000000400030032
:109330000700030007E0010004F80100041F020019
:109340000007FC000000E0000007000004380000F7
:1093500007C0000006000000040000000400000038
:1093600000000000000000000000000000000000FD
:1093700000000000000000000000000000000000ED
:1093800000000000000000000000000000000000DD
:1093900000000000000000000000000000000000CD
:1093A00000000000000000000000000007806000D6
:1093B0000600E0000403E0000407A000040E200003
:1093C000043C20000470200005E0200007802000FD
:1093D000070060000400E0000003800000000000BF
:1093E000000000000000000000000000000000007D
:1093F000000000000000000000000000000000006D
:10940000000000000000000000000000000000005C
:10941000000000000000000000000000000000004C
:10942000000000000000000000000000000000003C
:10943000000000000000000000000000000000002C
:10944000008000000080000001400007FE3FF80897
:1094500000000410000002100000020000000000E4
:1094600000000000000000000000000000000000FC
:1094700000000000000000000000000000000000EC
:1094800000000000000000000000000000000000DC
:1094900000000000000000000000000000000000CC
:1094A00000000000000000000000000000000000BC
:1094B00000000000000000000000000000000000AC
:1094C000000000FFFFFFFF000000000000000000A0
:1094D000000000000000000000000000000000008C
:1094E000000000000000000000000000000000007C
:1094F000000000000000000000000000000000006C
:10950000000000000000000000000000000000005B
:10951000000000000000000000000000000000004B
:109520000000000000000000000000100000021019
:109530000000020800000407FE3FF80001400000A0
:10954000008000000080000000000000000000001B
:10955000000000000000000000000000000000000B
:1095600000000000000000000000000000000000FB
:1095700000000000000000000000000000000000EB
:1095800000000000000000000000000000000000DB
:1095900000000000000000000000000000000000CB
:1095A0000000000000000018000000300000004033
:1095B00000000040000000400000002000000030DB
:1095C000000000080000000400000002000000028B
:1095D000000000020000000C000000180000000065
:1095E000000000000000000000000000000000007B
:1095F000000000000000000000000000000000006B
:10960000000000000000000000000000000000005A
:10961000000000000000000000000000000000004A
:10962000000000000000000000000000000000003A
:10963000000000000000000000000000000000002A
:10964000000000000000000000000000000000001A
:109650000000000000000F80380FFE380F80380037
:1096600000000000000000000000000000000000FA
:10967000000100000600000C00003800003100006E
:109680000600000C00003800003000000000000060
:1096900000000061800067F807F9800061800061C8
:1096A000800061800061800067F807F980006180B8
:1096B00000000000000000000001C0E003E0F00630
:1096C00030080418081FFFFE040E080787F0038106
:1096D000E000000000000001F000060C0004040897
:1096E000060C7001F9C0000E00003BE000EC18070A
:1096F0000808040C180003E00000000001E0000767
:10970000F003F818041C0804170807E1D003C0E0B0
:109710000023B0003C0800200800001000000000FA
:1097200000000100003100003200001C00000000B9
:109730000000000000000000000000000000000029
:109740000000000000000000000000000000000019
:109750000000007F0001FFC00780F00C001810001F
:10976000042000020000000000002000021000049D
:109770000C00180780F001FFC0007F00000000000F
:109780000000000000000000000000000000004297
:1097900000006600006600003C0000180003FFC0E7
:1097A000001800003C000066000066000042000057
:1097B0000000000800000800000800000800000881
:1097C0000001FFC0000800000800000800000800B9
:1097D000000800000000000001000031000032001D
:1097E000001C00000000000000000000000000005D
:1097F0000000000000000000000000080000080059
:109800000008000008000008000008000008000030
:109810000800000800000800000000000000000030
:109820000000003800003800003800000000000090
:109830000000000000000000000000000000000028
:10984000000000000600001C000070000180000EF7
:109850000000380000C0000700001C0000300000BD
:10986000000000000000007F8001FFE00380700620
:10987000001804000804000806001803807001FFA7
:10988000E0007F80000000000000000000010008F0
:1098900001000801000803FFF807FFF800000800B6
:1098A000000800000800000000000000000001C0E7
:1098B0003802C0580400980401180402180404185F
:1098C000061C1803F81801E0F80000000000000072
:1098D000000001C0E003C0F0040008040808040808
:1098E0000806180803F41801E7F00001E000000082
:1098F000000000000000000300000D000011000047
:10990000610000810803010807FFF80FFFF800015C
:10991000080001080000000000000000E007FCD083
:10992000060808061008061008061008061838066B
:109930000FF00607C0000000000000000000003F1C
:109940008001FFE0038430020818041008041008A6
:10995000041008071810030FF00007C000000000F3
:10996000000000000003C000070000060000060021
:10997000F80607F806180006E000070000060000D9
:1099800000000000000001E1E003F7F006341004DD
:109990001808041808040C08040C0806161803F329
:1099A000F001C1E000000000000000F80003FC30FE
:1099B0000306380402080402080402080404100321
:1099C00008F001FFC0007F00000000000000000060
:1099D0000000000000000000000000703800703837
:1099E00000703800000000000000000000000000CF
:1099F0000000000000000000000000000000003037
:109A00001A00301C000000000000000000000000F0
:109A1000000000000000000000000800001400002A
:109A2000220000410000808001004002002004006C
:109A300010080008000000000000002100002100C4
:109A40000021000021000021000021000021000071
:109A500021000021000021000000000000000000A3
:109A6000000800080400100200200100400080806F
:109A70000041000022000014000008000000000067
:109A8000000003C00004C000040000080038080FF4
:109A9000380808380810000C300007E00003C00048
:109AA000000000000000003F8000FFE00380700223
:109AB0000F1006708804C088048308047F8802C0E1
:109AC0009003012000FE400000080000180001F88B
:109AD000003E0801C20007020007E20000FE00008D
:109AE0001FC80001F800003800000804000807FF44
:109AF000F807FFF804080804080804080804080820
:109B000006180803F41801E7F00001E00000000067
:109B10000000003F8001FFE0038070020018040095
:109B2000080400080400080400100600200780C094
:109B300000000004000807FFF807FFF8040008040D
:109B4000000804000804001802001003807001FFE0
:109B5000E0007F8000000004000807FFF807FFF81E
:109B6000040808040808040808040808043E080457
:109B7000000806001801006000000004000807FF4C
:109B8000F807FFF8040808040800040800040800A7
:109B9000043E0006000006000001800000000000F6
:109BA0000000003F8001FFE0038070060018040001
:109BB000080402080402080203F00783F000020010
:109BC00000020004000807FFF807FFF80408080077
:109BD000080000080000080000080004080807FF4B
:109BE000F807FFF804000800000000000004000867
:109BF00004000804000807FFF807FFF80400080441
:109C00000008040008000000000000000000000040
:109C10000600000700000104000104000104000325
:109C200007FFFE07FFFC040000040000040000041E
:109C3000000807FFF807FFF8040C08001800003EB2
:109C40000004C7800503C80600F8040038040018A3
:109C500000000804000807FFF807FFF804000800E8
:109C600000080000080000080000080000080000CC
:109C70001800006000000004000807FFF8078008D3
:109C800007FC00007FC00003F80007C00078000751
:109C9000800807FFF807FFF804000804000807FF22
:109CA000F807000803C00000E000003800001E00B4
:109CB0000007000001C00400F007FFF804000000E6
:109CC0000000007F8001FFE00380700600180400A0
:109CD0000804000806001803003001FFE0007F8040
:109CE00000000004000807FFF807FFF80404080458
:109CF0000400040400040400040400060C0003F83B
:109D00000001F000000000000000007F8001FFE083
:109D10000380700600880400880400C806003C0325
:109D2000003E01FFE6007F8400000004000807FFFA
:109D3000F807FFF8040808040800040C00040F00EA
:109D4000040BC00610F003F03801E0080000080022
:109D5000000001E0F803F030063010041808041881
:109D600008040C08040C080206180207F00781E03A
:109D70000000000180000600000400000400000450
:109D8000000807FFF807FFF80400080400000400BB
:109D90000006000001800004000007FFE007FFF05C
:109DA0000400180000080000080000080000080077
:109DB000000804001007FFE0040000040000060093
:109DC0000007E00007FE00041FE00001F800003873
:109DD0000001E0043E0007C000060000040000048B
:109DE000000007E00007FFC0041FF80007C007F8E5
:109DF0000007FF80043FF80007C004F800070000D8
:109E000004000000000004000806001807C07805E0
:109E1000F1C8003E00001F800463E80780F80600D8
:109E2000180400080000000400000600000780007D
:109E300007E008047C08001FF80007F80018080471
:109E4000E008070000060000040000000000010018
:109E5000080600380400F80403E8040F08047C082E
:109E600005F00807C00807001804006000000000A3
:109E700000000000000000000000000000003FFFA4
:109E8000FE2000022000022000022000022000022A
:109E900000000000000000000008000007000000B3
:109EA000C0000038000006000001C00000300000C3
:109EB0000E00000100000000000000000020000271
:109EC0002000022000022000022000023FFFFE00CE
:109ED0000000000000000000000000000000000082
:109EE000000000000800001000003000002000000A
:109EF000300000100000080000000000000000001A
:109F0000000100000100000100000100000100004C
:109F1000010000010000010000010000010000013B
:109F200000000100000000000000000020000020F0
:109F30000000100000100000000000000000000001
:109F4000000000000000000000000000F00019F810
:109F5000001B180022080026080024080024100016
:109F60003FF8001FF800000800001800000004007F
:109F70000007FFF80FFFF000181800100800200875
:109F8000002008003018001FF0000FC00000000083
:109F900000000007C0001FF000183000200800205B
:109FA00008002008003C08001C10000060000000B1
:109FB0000000000000000007C0001FF0003818007B
:109FC000200800200800200804101007FFF80FFFE9
:109FD000F00000100000000000000000000007C0BA
:109FE000001FF00012300022180022080022080092
:109FF0003208001E10000E200000000000000020AB
:10A000000000200800200801FFF803FFF8062008E0
:10A0100004200804200807200003000000000000BE
:10A02000000000000E000E6E001FF30031B1002092
:10A03000B10020B1003191001F13002E1E00200E30
:10A0400000300000000004000807FFF80FFFF800D0
:10A050001008002000002000002008003FF8001F2A
:10A06000F8000008000000000000000000002008C8
:10A07000002008002008063FF8063FF8000008000E
:10A0800000080000080000000000000000000000C0
:10A090000000000300000300200100200100200355
:10A0A000063FFE063FFC000000000000000000002C
:10A0B000000004000807FFF80FFFF8000188000304
:10A0C00000002FC00038F8002038002008000008E9
:10A0D0000000000000000000000400080400080464
:10A0E000000807FFF80FFFF8000008000008000054
:10A0F00008000000000000002008003FF8003FF8C2
:10A10000001008002000003FF8003FF80010080091
:10A110002000003FF8003FF8000008000000002089
:10A1200008003FF8003FF800100800100000200071
:10A13000002008003FF8001FF800000800000000A1
:10A1400000000007C0000FF00018300030080020A9
:10A1500008002008003008001830000FF00007C089
:10A16000000000000000002001003FFF003FFF0052
:10A170001011002009002008002008003038001FBE
:10A18000F0000FC00000000000000007C0001FF03A
:10A1900000381800200800200800200900101100D5
:10A1A0001FFF003FFF00000100000000200800200A
:10A1B00008002008003FF8003FF8000808001008D9
:10A1C00000200800200000300000300000000000E7
:10A1D0000000000000000C78001E18003308002367
:10A1E000080021080021880021980030F000386024
:10A1F00000000000000000200000200000200000FF
:10A20000FFF003FFF80020080020080020080000ED
:10A2100030000000000000000000002000003FF0BF
:10A22000007FF8000018000008000008002010005F
:10A230003FF8007FF0000010000000000000002048
:10A2400000003000003C00003F800023F000007858
:10A25000000070002380003C00003000002000005F
:10A260002000003C00003FE00023F80000E0002751
:10A2700000003E00003FE00021F80001E0003E0049
:10A2800000200000000000200800200800383800EE
:10A290003E680027800003C8002CF80038380020F2
:10A2A000180020080000000000000020000030031B
:10A2B000003C01003F830023EC000070002380007D
:10A2C0003C00002000002000000000000000000012
:10A2D000000038080020380020F80023E8002F880C
:10A2E000003E080038080020180000700000000040
:10A2F0000000000000000000000000000000000856
:10A30000000014001FF7FC300006200002000000CF
:10A31000000000000000000000000000000000003D
:10A320000000000000FFFFFF000000000000000030
:10A3300000000000000000000000000000200002FB
:10A340003000061FF7FC00140000080000000000A9
:10A3500000000000000000000000000000001800E5
:10A3600000600000400000400000200000100000DD
:10A370000800000400000400000C000010000000B1
:10A3800000000000000000000000000000000000CD
:10A3900000000000001FCC000C00000000000000C6
:10A3A000000800300060000800300060000000027B
:10A3B0002003FC1E20022003FC1E200220000000BF
:10A3C000000E1811043FFF10840C78000000000FED
:10A3D0000010840F3800C00778188400780000004F
:10A3E000780F8410C411240E9800E400840008083B
:10A3F0000068007000000000000000000000000085
:10A40000000000000007E0181820044002000000CF
:10A410000040022004181807E000000000000002BD
:10A4200040024001800FF001800240024000000025
:10A4300080008000800FF800800080008000000015
:10A4400001000D000E0000000000000000000000F0
:10A45000000080008000800080008000800080007C
:10A4600000000C000C0000000000000000000000D4
:10A47000000006001800600180060018002000009F
:10A480000007F0080810041004080807F000000096
:10A4900000080408041FFC00040004000000000081
:10A4A000000E0C10141024104411840E0C00000037
:10A4B000000C1810041104110412880C7000000024
:10A4C0000000E00320042408241FFC0024000000F6
:10A4D000001F9810841104110410881070000000EF
:10A4E0000007F008881104110418880070000000AB
:10A4F000001C00100010FC13001C001000000000E5
:10A50000000E3811441084108411440E38000000ED
:10A51000000700088C10441044088807F000000071
:10A520000000000000030C030C000000000000000D
:10A530000000000001010600000000000000000013
:10A5400000008001400220041008081004000002EE
:10A55000200220022002200220022002200000000F
:10A5600000100408080410022001400080000000D0
:10A57000000E001200100C106C10800F0000000381
:10A58000E00C1813E4142417C4082807D0000000B6
:10A5900004003C03C41C40074000E4001C000410FD
:10A5A000041FFC1104110411040E88007000000344
:10A5B000E00C1810041004100410081C1000001007
:10A5C000041FFC100410041004080807F000001019
:10A5D000041FFC1104110417C41004081800001013
:10A5E000041FFC1104110017C01000080000000334
:10A5F000E00C181004100410441C780040000010F7
:10A60000041FFC10840080008010841FFC100400D4
:10A6100000100410041FFC100410040000000000CF
:10A62000030001100110011FFE10001000000010B7
:10A63000041FFC110403801464181C100400001093
:10A64000041FFC1004000400040004000C000010AF
:10A65000041FFC1F0000FC1F001FFC100400001062
:10A66000041FFC0C04030000E010181FFC1000077E
:10A67000F00808100410041004080807F000001087
:10A68000041FFC10841080108010800F0000000751
:10A69000F0081810241024101C080A07F2000010FB
:10A6A000041FFC1104110011C011300E0C00040035
:10A6B000000E1C11041084108410441C3800001873
:10A6C00000100010041FFC100410001800000010FF
:10A6D000001FF810040004000410041FF8100010FC
:10A6E000001E0011E0001C007013801C0010001FF1
:10A6F000C0103C00E01F0000E0103C1FC000001034
:10A7000004180C163401C001C01634180C100410C3
:10A71000001C00130400FC13041C001000000008BF
:10A7200004101C1064108413041C04101800000092
:10A7300000000000007FFE400240024002000000D6
:10A740000030000C0003800060001C0003000000CB
:10A75000004002400240027FFE00000000000000B6
:10A7600000000020004000400040002000000000E9
:10A7700001000100010001000100010001000100D1
:10A780000040004000200000000000000000000029
:10A79000000098012401440144014400FC0004101D
:10A7A000001FFC0088010401040088007000000004
:10A7B000000070008801040104010400880000000A
:10A7C00000007000880104010411081FFC0004004F
:10A7D0000000F8014401440144014400C8000000A5
:10A7E00000010401040FFC11041104110018000001
:10A7F0000000D601290129012901C9010600001024
:10A80000041FFC008401000100010400FC0004009E
:10A81000000104190419FC000400040000000000F9
:10A8200000000300010101190119FE0000000010E1
:10A83000041FFC0024004001B4010C0104000000CE
:10A8400000100410041FFC000400040000000001BC
:10A850000401FC0104010001FC0104010000FC01F1
:10A860000401FC008401000100010400FC0004005C
:10A870000000F8010401040104010400F8000001D3
:10A880000101FF0085010401040088007000000040
:10A89000000070008801040104010501FF000101AE
:10A8A00004010401FC008401040100018000000097
:10A8B0000000CC012401240124012401980000009F
:10A8C000000100010007F80104010400000000017C
:10A8D0000001F8000400040004010801FC00040168
:10A8E0000001800170000C00100160018001000176
:10A8F000F0010C003001C00030010C01F00100003B
:10A90000000104018C00740170018C01040000013D
:10A910000101810171000E00180160018001000039
:10A92000000184010C013401440184010C00000089
:10A930000000000000000001003EFC400240020058
:10A9400000000000000000FFFF0000000000000009
:10A9500000400240023EFC01000000000000000038
:10A9600000600080008000400040002000200000C7
:10A970000000000000000000000000000000003F98
:10A9800040000000000000000030004000300040A7
:10A9900000000009000BC03D000BC03D000900187D
:10A9A000C024407FE0224031800000180024C01BFA
:10A9B000000D803240018003801C4027401C80072E
:10A9C0004000401000600000000000000000000097
:10A9D00000000000001F8020404020000040202098
:10A9E000401F8000000000090006001F80060009CB
:10A9F000000000040004003F800400040000000088
:10AA000010006000000000000000000400040004CA
:10AA100000040004000000000000400000000000EE
:10AA2000000000002001C006003800400000001FA8
:10AA3000802040204020401F800000000010403F48
:10AA4000C000400000000018C021402240244018EF
:10AA500040000010802040244024401B8000000261
:10AA6000000D0011003FC0014000003C8024402444
:10AA7000402440238000001F8024402440344003B1
:10AA80008000003000200027C03800200000001B9C
:10AA9000802440244024401B8000001C0022C0224F
:10AAA0004022401F8000000000000008400000001D
:10AAB0000000000000000004600000000000000032
:10AAC0000004000A0011002080404009000900092C
:10AAD0000009000900000000004040208011000A29
:10AAE0000004001800200023402400180000001F6C
:10AAF000802040274029401F400000004007C03907
:10AB0000000F0001C0004020403FC0244024401BF3
:10AB10008000001F80204020402040308000002026
:10AB2000403FC0204020401F80000020403FC02404
:10AB3000402E4030C0000020403FC024402E003056
:10AB40000000000F001080204022403380020020CF
:10AB5000403FC0040004003FC02040204020403F50
:10AB6000C02040204000000060202020203FC02066
:10AB700000200020403FC024400B0030C020402077
:10AB8000403FC020400040004000C03FC03C0003A8
:10AB9000C03C003FC0000020403FC00C4023003FAD
:10ABA000C020001F802040204020401F8000002047
:10ABB000403FC024402400180000001F8021402195
:10ABC0004020E01FA0000020403FC0244026001984
:10ABD000C0004018C0244024402240318000003092
:10ABE0000020403FC020403000000020003F800097
:10ABF0004000403F80200020003E0001C007003898
:10AC0000002000380007C03C0007C03800000020CA
:10AC10004039C0060039C0204000002000384007FD
:10AC2000C0384020000000304021C026403840207D
:10AC3000C00000000000007FE04020402000000035
:10AC40000070000C00038000400000000040204025
:10AC5000207FE000000000000020004000200000F5
:10AC60000000000010001000100010001000100084
:10AC7000000000400000000000000000000280050D
:10AC800040054003C0004020003FC0044004400392
:10AC900080000000000380044004400640000000E3
:10ACA000000380044024403FC000400000038005B2
:10ACB00040054003400000000004401FC024402421
:10ACC000402000000002E0055005500650042020FE
:10ACD000403FC00440040003C0004000000440277F
:10ACE000C000400000000000100010041027E00029
:10ACF00000000020403FC00140070004C004402085
:10AD00004020403FC000400040000007C004000752
:10AD1000C0040003C00000044007C0044004000356
:10AD2000C000400000038004400440038000000491
:10AD30001007F0045004400380000000000380046A
:10AD400040045007F00010044007C0024004000413
:10AD5000000000000006400540054004C00000005F
:10AD60000004001F80044000400000040007800031
:10AD700040044007C000400400070004C0018006F2
:10AD8000000400060001C0070001C0060000000426
:10AD90004006C0010006C004400000041007100473
:10ADA000E00180060004000000044005C0064004E5
:10ADB0004000000000000004007BE0402000000094
:10ADC0000000000000FFF000000000000040207BB9
:10ADD000E00400000000004000800040002000204F
:10ADE00000400000030009000F0015001B0039316E
:10ADF00031003931343700313135380039323731AB
:10AE000000005081588160816881708178818081E3
:10AE1000888190819881506C656173652075736538
:10AE200020746865207374796C757320636C696332
:10AE30006B207468652063726F7373206F6E20746B
:10AE400068652073637265656E2E54686520637251
:10AE50006F73732077696C6C20616C7761797320F4
:10AE60006D6F766520756E74696C207468652073EB
:10AE7000637265656E2061646A7573746D656E7466
:10AE800020697320636F6D706C657465642E007843
:10AE900025643A2564007925643A25640070783A7F
:10AEA00025302E32660070793A25302E32660054F5
:10AEB0006F7563682053637265656E2041646A75BF
:10AEC0007374204F4B210005040000000A080000A5
:10AED0000005040804080F0C00040801040004081D
:10AEE0000202010102000100020004000600080045
:10AEF0000A000C001000200040008000000108043F
:10AF000002040801010101010103070100000040E2
:10AF10000000000000000020000050524900496E6F
:10AF20007465726E616C204950204C6F6F70626165
:10AF3000636B0053797374656D2054696D6572207D
:10AF4000546872656164005245454E54206D616CD1
:10AF50006C6F6320737563636565646564002F625D
:10AF600075696C642F676E752D746F6F6C732D66C9
:10AF70006F722D73746D33325F31322E332E7265E2
:10AF80006C312E32303234303932362D3137313562
:10AF90002F7372632F6E65776C69622F6E65776CA5
:10AFA00069622F6C6962632F7374646C69622F72BB
:10AFB000616E642E63002C2066756E6374696F6E1B
:10AFC0003A2000617373657274696F6E2022257375
:10AFD00022206661696C65643A2066696C6520228E
:10AFE0002573222C206C696E6520256425732573DA
:10AFF0000A00232D302B2000686C4C0065666745E5
:10B0000046470030313233343536373839414243E0
:10B010004445460030313233343536373839616291
:10B0200063646566000000009859FE7F010000001F
:10B030007507107051071070FF000000FFFFFFFF41
:10B04000FF0200000090D003FFFF00000500000099
:10B05000ED64107009601070316110700000000024
:10B0600000000000000000000000000000000000E0
:10B0700000000000000000000000000000000000D0
:10B0800000000000000000000000000000000000C0
:10B09000000000000000000001000000100000009F
:10B0A000436F7079726967687420286329204D693D
:10B0B00063726F736F667420436F72706F72617426
:10B0C000696F6E2E20416C6C207269676874732002
:10B0D00072657365727665642E20202A20204E6585
:10B0E00074582044756F20436F727465782D4D3508
:10B0F000352F474E552056657273696F6E20362E78
:10B10000342E30202A000000F0F0F0F000000000A3
:10B110000300000020521434E4000034000000005A
:10B120002052143488521434F052143400000000B9
:10B13000000000000000000000000000000000000F
:10B1400000000000000000000000000000000000FF
:10B1500000000000000000000000000000000000EF
:10B1600000000000000000000000000000000000DF
:10B1700000000000000000000000000000000000CF
:10B180007FE97FE9E9F742BD7FE97FE9E9F714B993
:10B1900000000000000000000000000000000000AF
:040000057010040073
:00000001FF
